source_file,program,institution,city,degree,inst_type,track,language,tuition,scholarship,url
master-all.json,Audio Communication and Sonology — joint master's route,"TU Berlin (Audio Communication Group) + Institute of Sonology, Royal Conservatoire The Hague",Berlin + The Hague,Master's degree,Technical university + conservatoire,Other / adjacent,English emphasised on the Sonology side; 'No German language requirement is explicitly mentioned. The emphasis is on good knowledge of English.' NOTE: this CONTRADICTS TU Berlin's own C1 German rule for the M.Sc. — the contradiction is UNRESOLVED and must be checked with both institutions.,Free,Not stated,https://sonology.org/audio-communication-sonology-admission/ ; https://www.tu.berlin/en/ak/study-and-teaching/degree-programs/audio-communication-and-sonology
master-all.json,Audio Communication and Sonology (joint double-degree master),Technische Universität Berlin together with Royal Conservatoire The Hague,Berlin (year 1) and The Hague (year 2),Double degree: M.Sc. (TU Berlin) and Master of Music (Royal Conservatoire The Hague),Public technical university + public conservatory,Acoustics / audio engineering,"English for the programme, but German at TestDaF TDN 4 is also required for TU Berlin admission (English at IELTS 6.0 / TOEFL iBT 83 minimum)",Free,None specific to the programme found. DAAD scholarships for master's study in Germany are the usual route for Tunisian applicants — UNVERIFIED whether a split-location double degree is eligible.,https://www.tu.berlin/en/ak/study-and-teaching/degree-programs/audio-communication-and-sonology
master-all.json,Master specialisation in Audio Communication & Sonology,Royal Conservatoire The Hague (Institute of Sonology) with TU Berlin,The Hague / Berlin,Master's degree,Public,Other / adjacent,English (TU Berlin component partly German — UNVERIFIED),Free,Not stated,https://www.koncon.nl/en/programmes/master/sonology/masterspecialisation-audiocommsonology/entry-requirements
master-all.json,"Audio Communication and Sonology (double degree with the Institute of Sonology, Royal Conservatoire The Hague)",Technische Universität Berlin – Fachgebiet Audiokommunikation (with Royal Conservatoire The Hague),"Berlin (year 1) + The Hague, Netherlands (year 2)","Double degree, confirmed verbatim: ""a Master of Science from the TU Berlin and a Master of Music in Sonology from the Royal Conservatoire""",Public technical university + partner conservatory (University of the Arts The Hague),Acoustics / audio engineering,"CORRECTED — this is the blocker. The double-degree page states German ""at least on level TDN 4 / TestDaF"" and English ""at least on a level equivalent to the evaluation scales IELTS (6,0) or TOEFL (ibT level 83)"". BUT the parent programme page (Audio Communication and Technology M.Sc.) states: ""The main language of instruction in the Master's programme is German"" and, for applicants with foreign qualifications, German at ""C1 for admission"" plus English at B2. Year 2 in The Hague is English: ""The studies will be conducted in English and applicants are expected to be adequately fluent with the language."" He has zero German.",Under EUR 1.5k/yr,"DAAD Study Scholarships – Master Studies for All Academic Disciplines (open across disciplines; Tunisia is a DAAD partner country with its own Government Scholarships Programme and the KOSPIE scheme for Tunisian engineering/informatics students). Royal Conservatoire ""Excellence Scholarships to Master's candidates who perform best in the entrance exams (both EEA and non-EEA students are eligible for a scholarship)"" — amounts not published. Erasmus+ support for the mobility year: UNVERIFIED. Deutschlandstipendium: UNVERIFIED for this programme.",https://www.tu.berlin/en/ak/study-and-teaching/degree-programs/audio-communication-and-sonology
master-all.json,Advanced Diploma in Music Production & Sound Engineering — Full-time (1 year),"Abbey Road Institute Amsterdam (ARI Education NL — franchise of Abbey Road Studios, London / Universal Music)","Amsterdam (Atlantisplein 1, 1093 NE — inside the Q-Factory music-makers centre)","Advanced Diploma. The course page's key-facts block states plainly: ""Qualification: Advanced Diploma"". No awarding body is named on the Dutch site (the London campus's NCFE accreditation is not claimed for Amsterdam). CORRECTION / NEW FINDING: the Dutch legal status IS published, on the fees page — ""Abbey Road Institute Amsterdam is an approved short vocational education provider in the Netherlands, registered under the name ARI Education NL B.V."" and, in the disclaimer, ""Abbey Road Institute Amsterdam is officially 'short vocational education' and does not entitle study finance. Precisely because of that, our tuition is eligible for tax deduction."" So: recognised as short vocational education, NOT NVAO-accredited higher education, NOT an hbo- or wo-master, no EQF level 7, no CROHO registration.",International chain campus / specialist audio academy — franchise of the Abbey Road Institute network under Abbey Road Studios (Universal Music Group),Music business,English,Under EUR 1.5k/yr,"None. No scholarship or bursary is offered. The only cost relief mentioned is a Dutch income-tax deduction, and the page states explicitly that the programme ""does not entitle study finance"".",https://abbeyroadinstitute.nl/courses/diploma-music-production-sound-engineering
master-all.json,"Producer Professional Course (20 sessions), Producer Basic, Producer Custom, plus DJ courses",DJ School Amsterdam,Amsterdam,Not a degree,Private DJ/producer school — commercial lesson provider,Sound design / production,ENGLISH — course pages are published in English (?lang=en) and the school explicitly caters to international visitors. This makes it one of only three genuinely English-accessible private options in this slice (with SAE and Abbey Road).,Under EUR 1.5k/yr,Not stated,https://djschoolamsterdam.nl/producer_courses/?lang=en ; https://www.djschoolamsterdams.com/producer/producer-professional-course/?lang=en
master-all.json,"Producer Professional Course (20 x 60-min individual sessions + 10 studio hours); also Producer Basic, Producer Custom, Producer Junior, Intro Lesson, DJ courses",DJ School Amsterdam,"Amsterdam (also Lelystad, and online)",Not a degree,Private DJ/producer school — commercial one-to-one lesson provider,Sound design / production,"ENGLISH — CONFIRMED. The course pages serve a full English version (?lang=en) alongside Dutch, and the school explicitly builds custom schedules for international visitors. One of only three genuinely English-accessible private options in this slice (with SAE and Abbey Road).",Under EUR 1.5k/yr,Not stated,https://djschoolamsterdam.nl/producer_courses/?lang=en ; https://djschoolamsterdam.nl/producer/producer-professional-course/?lang=en
master-all.json,Master of Music – Pop / Creator Performer,Fontys Academy of Music and Performing Arts (Fontys Hogeschool voor de Kunsten),Tilburg,Master of Music (MMus),University of applied sciences / academy of music,Sound design / production,English,Under EUR 1.5k/yr,NL Scholarship – Fontys University of Applied Sciences is a listed participating institution for 2026-2027,https://www.fontys.nl/en/Programmes/Music-master-full-time.htm
master-all.json,DJ Certificate (1 month),SAE Institute Amsterdam,Amsterdam (Amsterdam-Noord creative district),Not a degree,International chain campus — specialist audio academy (SAE global network),Music business,English,Under EUR 1.5k/yr,Partial,
master-all.json,"Mundus Journalism — Journalism, Media and Globalisation (Erasmus Mundus Joint Master)","Consortium: Aarhus University (coordinator) + second-year specialisation partners (Amsterdam, London, Munich,…",,Master's degree,Consortium (public universities),Media/Communication (Business track-2 adjacent),English,EUR 1.5k-5k/yr,Erasmus Mundus Joint Masters Scholarship,https://mundusjournalism.com/ (admissions: https://mundusjournalism.com/admissions/tuition-stipends-and-scholarships)
master-all.json,"Master Game Technology (VERIFIED NEGATIVE — re-confirmed, contains no audio specialisation)",Breda University of Applied Sciences (BUas),Breda,MSc (Master of Science),University of applied sciences (public),Music & sound technology,English,EUR 1.5k-5k/yr,"None found on the programme page. BUas's tuition-fees page has a 'Can you apply for a scholarship?' section but names no award in the retrieved text. The Holland Scholarship is a general Dutch national scheme for non-EEA students, worth checking independently — not confirmed for this programme.",https://www.buas.nl/en/programmes/master-game-technology
master-all.json,"Master of Music – pathway Music Design (strands: Music Production, Sound Design, Music Technology, Composition)",HKU University of the Arts Utrecht (HKU Music and Technology),Utrecht,Master of Music (MMus),University of the arts (hogeschool / university of applied sciences),Sound design / production,English | Dutch (the official page lists the language of instruction literally as 'English|Dutch'),EUR 1.5k-5k/yr,Holland Scholarship / NL Scholarship. HKU's own page states it is awarded to the 'most talented candidates'.,https://www.hku.nl/en/study-at-hku/music-and-technology/master-of-music-pathway-music-design
master-all.json,"Master of Music, pathway Music Design (strands: Music Technology, Music Production, Sound Design, Composition)",HKU University of the Arts Utrecht (Hogeschool voor de Kunsten Utrecht),Utrecht,Master's degree,Public (government-funded university of applied sciences for the arts),Sound design / production,English (lessons taught in English; approximately two-thirds of students are Dutch),EUR 1.5k-5k/yr,NL Scholarship; HKU Scholarship,https://www.hku.nl/en/study-at-hku/music-and-technology/master-of-music-pathway-music-design ; https://www.hku.nl/en/study-at-hku/explore-and-apply/tuition-fee-and-finances
master-all.json,"Master of Music, pathway Music Design — strand Music Production",HKU — Hogeschool voor de Kunsten Utrecht (HKU Music and Technology),Utrecht,Master's degree,Government-funded Dutch university of applied sciences. IND RECOGNISED SPONSOR: YES — HKU is listed on the IND Public Register of Recognised Sponsors for Education.,Sound design / production,English.,EUR 1.5k-5k/yr,"Holland Scholarship (€5,000, first year, non-EEA).",https://www.hku.nl/en/study-at-hku/music-and-technology/master-of-music-pathway-music-design
master-all.json,"Full Course (Beginners), Full Course (Advanced), Full Course Year 2, DJ Lessons, Private Lessons",Music Production Academy,"Rotterdam (Hoogstraat 38A, 3011 PR)",Not a degree,"Private music production school — commercial course provider, Ableton and Steinberg software partner",Acoustics / audio engineering,"Site is available in English and Dutch and an international-students page is maintained in English, which strongly implies English-capable delivery — but the language of instruction is STILL NOT explicitly stated anywhere. UNVERIFIED. For a one-year commitment this must be confirmed in writing before any payment.",EUR 1.5k-5k/yr,Partial,https://www.musicproductionacademy.nl/international-students-music-production/ ; https://www.musicproductionacademy.nl/
master-all.json,Master of Music in Sonology,Royal Conservatoire The Hague (Koninklijk Conservatorium) — Institute of Sonology,The Hague,Master of Music (MMus),Public conservatoire / university of the arts,Acoustics / audio engineering,English,EUR 1.5k-5k/yr,None found on the conservatoire's tuition page for non-EEA master's applicants.,https://sonology.org/masters-admission/ ; https://www.koncon.nl/en/programmes/master/sonology/master-sonology/entry-requirements
master-all.json,One-Year Course in Sonology,Royal Conservatoire The Hague — Institute of Sonology,The Hague,Not a degree,Public,Acoustics / audio engineering,English — 'All lessons are taught in English.',EUR 1.5k-5k/yr,Not stated,https://sonology.org/one-year-course-admission/ ; https://www.koncon.nl/en/programmes/other/sonology/oneyear-sonology ; https://www.koncon.nl/en/application-process/tuitionfees/course-fees
master-all.json,Electronic Music Production Certificate (8 months),SAE Institute Amsterdam,Amsterdam (Amsterdam-Noord campus),Not a degree,International chain campus — specialist audio academy,Sound design / production,English (intermediate level required),EUR 1.5k-5k/yr,Not stated,"https://www.sae.edu/nld/courses/emp/ (VERIFIED — 8 months, age 16 entry, full curriculum including beatmaking and sidechaining, Ableton Live 12 Suite licence included, Logic Pro, five named career paths, Sept 2026 and Jan 2027 intakes, laptop recommended not required). https://www.sae.edu/nld/course-fees-2026-2027/ (VERIFIED — three fee figures, registration-inclusive)."
master-all.json,Advanced Mixing & Mastering Certificate (4 months) — ONLINE,SAE Institute Amsterdam,Delivered ONLINE (optional on-campus 1-on-1 sessions in Amsterdam),Not a degree,International chain campus — specialist audio academy (SAE global network),Music business,English,EUR 1.5k-5k/yr,Partial,https://www.sae.edu/nld/courses/advanced-mixing-and-mastering-certificate/ ; https://www.sae.edu/nld/course-fees-2026-2027/
master-all.json,Electronic Music Production (SAE Certificate),SAE Institute Amsterdam,Amsterdam,Not a degree,International chain campus – specialist audio academy (SAE / Navitas),Music business,English. Course page states it is taught in English and that 'English intermediate level skills are required'.,EUR 1.5k-5k/yr,Not stated,https://www.sae.edu/nld/course-fees-2026-2027/ ; course: https://www.sae.edu/nld/courses/emp/ ; visa statement: https://www.sae.edu/nld/domestic-entry-requirements/ ; accreditation: https://www.sae.edu/nld/about-us/standards-accreditation/
master-all.json,"MA/MSc Professional Practice in Creative Media Industries (Audio Production discipline); plus BA/BSc (Hons) Audio Production, Audio Production Diploma and Advanced Diploma, and short certificates (DJ, Electronic Music Production, Advanced Mixing & Mastering)","SAE Institute Amsterdam (SAE Institute Netherlands, part of the global SAE / Navitas chain); degrees awarded and quality-assured by the University of Hertfordshire (UK)",Amsterdam,Not a degree,"Specialist audio academy, international chain (SAE / Navitas); private and non-government-funded (niet-bekostigd); CRKBO-registered short vocational provider",Music business,English,EUR 1.5k-5k/yr,Partial,https://www.sae.edu/nld/course-fees-2026-2027/
master-all.json,Master of Music (Arnhem) — single English-taught MMus; from 2026/2027 the Arnhem Jazz & Pop and Music Theatre masters merge into it. No dedicated production or sound-design specialism is published.,ArtEZ University of the Arts – Academy of Music / Conservatorium Arnhem,Arnhem,Master of Music (MMus),University of the arts (hogeschool),Sound design / production,English (page header: 'English • Arnhem'),EUR 5k-15k/yr,"TWO stackable schemes, both confirmed. (1) NL Scholarship — ArtEZ is a participating institution; open to non-EU/EEA nationals who have passed the entrance exam, been accepted to a full-time ArtEZ bachelor's or master's course, and enrolled through Studielink. (2) ArtEZ Scholarship — covers 50% of the institutional tuition fee for the ENTIRE degree duration, for non-EU/EEA first-year students who have never studied in the Netherlands before, with demonstrated financial need.",https://www.artez.nl/en/programmes/master/master-of-music-arnhem
master-all.json,Master The Sound of Innovation,"ArtEZ University of the Arts — Academy of Pop Music, Enschede",Enschede,Master's degree,Public (government-funded university of applied sciences for the arts),Music & sound technology,English,EUR 5k-15k/yr,NL Scholarship,https://www.artez.nl/en/courses/master/the-sound-of-innovation/admission ; https://www.artez.nl/en/study-at-artez/arrange-your-study/tuition-fees
master-all.json,"Master of Music – Pop, main subject Creative Producer",Codarts University of the Arts Rotterdam,Rotterdam,Master of Music (MMus),University of the arts (hogeschool) / conservatoire,Sound design / production,English. CONFIRMED in the official study guide: 'All classes are taught in English' for the Artistic Research curriculum. A 'good command of the Dutch language' clause applies only to Dutch-speaking students.,EUR 5k-15k/yr,NL Scholarship – Codarts Rotterdam is a listed participating institution for 2026-2027. No Codarts-specific master scholarship could be confirmed.,https://www.codarts.nl/en/education/masters/master-of-music/admission/admission-requirements-pop-creative-producer/
master-all.json,"Master of Music – main subject Electronic Music Performance (EMP), Jazz department","Conservatorium Maastricht, Zuyd University of Applied Sciences (Zuyd Hogeschool)",Maastricht,Master's degree,Publicly funded university of applied sciences (hbo / hogeschool); Conservatorium Maastricht is the music faculty of Zuyd,Music business,ENGLISH — CONFIRMED verbatim on the official language-requirements page: 'The programmes of Master of Music are taught in English. Therefore you must have a thorough active and passive command of English.' No Dutch required.,EUR 5k-15k/yr,Partial,"https://www.conservatoriummaastricht.nl/study-here/jazz/master/master-electronic-music-performance (plus https://www.conservatoriummaastricht.nl/admission/how-apply/jazz-master, https://www.conservatoriummaastricht.nl/language-requirements, https://www.conservatoriummaastricht.nl/admission/tuition-fees-scholarships and the primary fee source https://www.zuyd.nl/sites/default/files/2026-06/Tuition_fees_and_examination_fees_2026-2027.pdf)"
master-all.json,"Master of Music — Pop specialisation (also Creator Performer, Classical, Jazz, Music Theatre)","Fontys University of Applied Sciences — Fontys Academy of the Arts / Rockacademie, Tilburg",Tilburg,Master's degree,Public (government-funded university of applied sciences),Other / adjacent,English,EUR 5k-15k/yr,NL Scholarship (Fontys),https://www.fontys.nl/en/Programmes/Music-master-full-time.htm ; https://www.fontys.nl/en/Study-at-Fontys/Practical-information/Finance.htm
master-all.json,Master of Music in Sonology,"Institute of Sonology, Royal Conservatoire The Hague (Koninklijk Conservatorium / University of the Arts The Hague)",The Hague,Master of Music (MMus),"Conservatoire (publicly funded Dutch conservatory, part of Royal Conservatoire The Hague)",Acoustics / audio engineering,"English — ""The studies will be conducted in English and applicants are expected to be adequately fluent with the language.""",EUR 5k-15k/yr,"No Sonology-specific scholarship verified. Nationally, the NL Scholarship (formerly Holland Scholarship) is a one-off €5,000 award for non-EEA students; the Royal Conservatoire also lists a ""Scholarships for Master's Students"" section whose contents are UNVERIFIED.",https://sonology.org/masters-admission/
master-all.json,MSc Creative Intelligence & Technology (formerly MSc Media Technology),Leiden University — Leiden Institute of Advanced Computer Science (LIACS) with the Academy of Creative and Performing Arts (ACPA),Leiden,Master's degree,Public research university,Sound design / production,English,EUR 5k-15k/yr,Leiden University Excellence Scholarship (LExS); Holland Scholarship / NL Scholarship; Orange Knowledge Programme (disc…,https://www.universiteitleiden.nl/en/education/study-programmes/master/creative-intelligence--technology ; https://www.studyinnl.org/dutch-education/studies/creative-intelligence-technology-354-leiden-university ; https://mediatechnology.leiden.edu/programme/curriculum/essentials-in-art-music/ ; https://www.universiteitleiden.nl/en/staffmembers/edwin-van-der-heide
master-all.json,"Master Experimental Publishing (XPUB), Master of Arts in Fine Art and Design","Piet Zwart Institute — Willem de Kooning Academy, Rotterdam University of Applied Sciences (Hogeschool Rotterdam)",Rotterdam,Master's degree,Public (government-funded university of applied sciences),Other / adjacent,"English — 'English is our working language, and proficiency in both speaking and writing is a necessity.'",EUR 5k-15k/yr,Not stated,https://www.pzwart.nl/experimental-publishing/ ; https://www.pzwart.nl/experimental-publishing/apply/ ; https://www.pzwart.nl/application/deadlines/ ; https://www.pzwart.nl/application/international-students/ ; https://www.rotterdamuas.com/programmes/master/experimental-publishing/
master-all.json,Master of Music in Sonology,Royal Conservatoire The Hague – Institute of Sonology,The Hague,Master of Music (MMus) in Sonology,"Conservatoire (Royal Conservatoire, University of the Arts The Hague)",Acoustics / audio engineering,English (confirmed),EUR 5k-15k/yr,"Royal Conservatoire Excellence Scholarships — CONFIRMED as the only named scheme, 'awarded to Master's candidates who perform best in the entrance exams', with both EEA and non-EEA students eligible.",https://www.koncon.nl/en/programmes/master/sonology/master-sonology/entry-requirements
master-all.json,MA/MSc Professional Practice in Creative Media Industries — Audio Production specialism,SAE Institute (awarded by University of Hertfordshire). NOTE: substantively published only on SAE's UK site — the Netherlands course URL returns HTTP 404.,Fully ONLINE — no campus attendance. NOT an Amsterdam-delivered programme.,Master's degree,International chain campus — specialist audio/creative-media academy (SAE operates ~50 campuses worldwide),Music business,English,EUR 5k-15k/yr,Partial,"https://www.sae.edu/gbr/courses/ma-msc-professional-practice/ (VERIFIED — award, £6,750 fee, three entry routes, 500-word proposal, eight specialisms, fully online, Jan/May/Sep intakes). https://www.sae.edu/nld/courses/ma-msc-professional-practice/ (HTTP 404 — DEAD). https://www.sae.edu/nld/masters/ (HTTP 404 — DEAD). https://www.sae.edu/nld/domestic-entry-requirements/ (VERIFIED — visa and DUO exclusion, IELTS 6.5 postgraduate). https://www.sae.edu/nld/course-fees-2026-2027/ (VERIFIED — MA/MSc absent from NL fee schedule)."
master-all.json,MAGMa - Erasmus Mundus Joint Master in Managing Art and Cultural Heritage in Global Markets,Consortium of 5: University of Glasgow + ISCTE Lisboa + ULisboa Faculty of Humanities + IESA Arts & Culture P…,,Master's degree,Consortium,Music-Business,English,EUR 5k-15k/yr,"Erasmus Mundus scholarship (max EUR 33,600 over 2 years)",https://www.gla.ac.uk/postgraduate/erasmusmundus/magma/
master-all.json,MAGMa — Managing Art & Cultural Heritage in Global Markets (Erasmus Mundus Joint Master),"Consortium: University of Glasgow (coordinator), ISCTE-IUL Lisbon, Universidade de Lisboa (Humanities), IESA …",,Master's degree,Consortium (public universities + IESA private arts school),Music-Business (arts & cultural management / creative-industries business),"English (English-medium; explicit statement not on page, but English test required for non-native speakers)",EUR 5k-15k/yr,Erasmus Mundus Joint Masters Scholarship,https://www.gla.ac.uk/postgraduate/erasmusmundus/magma/
master-all.json,MAGMa - Managing Art and Cultural Heritage in Global Markets (Erasmus Mundus Joint Master),"University of Glasgow (with ISCTE Lisboa, Universidade de Lisboa Faculty of Humanities, IESA Arts & Culture P…",,Master's degree,Consortium,Music-Business,"English (not explicitly stated on the page, but English test required and consortium teaching is in English - Check)",EUR 5k-15k/yr,"Erasmus Mundus Joint Masters scholarship - maximum €33,600 covering tuition fees, travel insurance and monthly stipends…",https://www.gla.ac.uk/postgraduate/erasmusmundus/magma/
master-all.json,Advanced Diploma in Music Production and Sound Engineering (full-time),"Abbey Road Institute Amsterdam (ARI Education NL B.V. — Abbey Road Studios' international education chain: London, Amsterdam, Paris, Los Angeles, Miami, Sydney, Johannesburg, Mumbai)",Amsterdam,Not a degree,International chain campus – specialist audio academy owned by/branded with Abbey Road Studios,Music business,English,Over EUR 15k/yr,Not stated,https://abbeyroadinstitute.nl/courses/diploma-music-production-sound-engineering/fees-funding/ ; entry requirements and visa statement: https://abbeyroadinstitute.nl/courses/diploma-music-production-sound-engineering/entry-requirements/ ; course and dates: https://abbeyroadinstitute.nl/courses/diploma-music-production-sound-engineering/
master-all.json,"MA Cultural Economics and Entrepreneurship (1 year, 60 ECTS)",Erasmus University Rotterdam (ESHCC),,Master's degree,Public,Music-Business,English,Over EUR 15k/yr,"NL Scholarship (non-EEA, EUR 5,000) + Erasmus Trustfonds Scholarship (amounts vary - check)",https://www.eur.nl/en/master/cultural-economics-and-entrepreneurship
master-all.json,"MSc Creative Intelligence & Technology (formerly Media Technology MSc) - creative research with technology, incl. sound/installation work",Leiden University (LIACS + Academy of Creative and Performing Arts),,Master's degree,Public,Sound/Music-Tech,English,Over EUR 15k/yr,Leiden University Excellence Scholarship (LExS) - Faculty of Science IS listed as eligible and CRIT sits in the Faculty…,https://www.universiteitleiden.nl/en/education/study-programmes/master/creative-intelligence--technology
master-all.json,"MSc Creative Intelligence & Technology (formerly Media Technology), 2 years",Leiden University (LIACS),,Master's degree,Public,Sound/Music-Tech,English,Over EUR 15k/yr,Leiden University Excellence Scholarship (LExS) - non-EU master students; tiered awards (platinum = full tuition minus …,https://www.universiteitleiden.nl/en/education/study-programmes/master/creative-intelligence--technology
master-all.json,BA/BSc (Hons) Audio Production — Fast Track (24 months) and Standard (36 months),SAE Institute Amsterdam,Amsterdam (Amsterdam-Noord campus),Not a degree,International chain campus — specialist audio academy,Sound design / production,English,Over EUR 15k/yr,Partial,"https://www.sae.edu/nld/courses/audio-production/ (VERIFIED — Hertfordshire award, 24/36-month options, Sept 2026 and March 2027 intakes, 'No music background is required', SSL/Audient/Avid consoles, CRKBO registration, laptop recommended not required). https://www.sae.edu/nld/course-fees-2026-2027/ (VERIFIED — all fee figures and the registration-fee-inclusive structure). https://www.sae.edu/nld/domestic-entry-requirements/ (VERIFIED — visa statements, IELTS 6.0 undergraduate)."
master-all.json,Audio Production Advanced Diploma (Fast Track 18 months / Standard 24 months),SAE Institute Amsterdam,Amsterdam (Amsterdam-Noord campus),Not a degree,International chain campus — specialist audio academy,Music business,English,Over EUR 15k/yr,Not stated,"https://www.sae.edu/nld/courses/audio-production-advanced-diploma/ (VERIFIED — SAE's own diploma, 18/24-month options, Sept 2026 and March 2027 intakes, entry requirements, curriculum, facilities, and the ambiguous Hertfordshire boilerplate). https://www.sae.edu/nld/course-fees-2026-2027/ (VERIFIED — all seven fee figures)."
master-all.json,Audio Production Diploma (18 months),SAE Institute Amsterdam,Amsterdam (Amsterdam-Noord campus),Not a degree,International chain campus — specialist audio academy,Sound design / production,English,Over EUR 15k/yr,Not stated,"https://www.sae.edu/nld/courses/audio-production-diploma/ (VERIFIED — 18 months / three semesters, age-17 entry alternative, Sept 2026 and March 2027 intakes, curriculum, industry-standard studios, and the ABSENCE of any 3D-audio specialisation). https://www.sae.edu/nld/course-fees-2026-2027/ (VERIFIED — three fee figures and the registration-inclusive breakdown)."
master-all.json,Audio Production Diploma,"SAE Institute Amsterdam (SAE Institute, Navitas group – global chain)",Amsterdam,Not a degree,International chain campus – specialist audio academy (SAE / Navitas),Acoustics / audio engineering,English.,Over EUR 15k/yr,Not stated,https://www.sae.edu/nld/course-fees-2026-2027/ ; entry requirements and visa statement: https://www.sae.edu/nld/domestic-entry-requirements/ ; accreditation: https://www.sae.edu/nld/about-us/standards-accreditation/
master-all.json,BA/BSc (Hons) Audio Production,"SAE Institute Amsterdam, degree awarded by the University of Hertfordshire (UK)",Amsterdam,Not a degree,"International chain campus – specialist audio academy (SAE / Navitas), UK-validated",Acoustics / audio engineering,English,Over EUR 15k/yr,Not stated,https://www.sae.edu/nld/course-fees-2026-2027/ ; accreditation: https://www.sae.edu/nld/about-us/standards-accreditation/ ; entry and visa: https://www.sae.edu/nld/domestic-entry-requirements/
master-all.json,"MA Music Studies (Arts and Culture), 60 ECTS",University of Amsterdam (UvA),,Master's degree,Public,Sound/Music-Tech,English,Over EUR 15k/yr,Amsterdam Merit Scholarship (AMS) - the old Amsterdam Excellence Scholarship page now 404s and appears superseded by AM…,https://www.uva.nl/en/programmes/masters/music-studies-arts-and-culture/music-studies.html
master-all.json,"MA Music Studies (Arts and Culture) - musicology incl. computation, cognition, popular music",University of Amsterdam (UvA),,Master's degree,Public,Music-Business,English,Over EUR 15k/yr,"Letje Lips Amsterdam Merit Scholarship (LLAMS): 4 awards of EUR 37,500 for 2026-27, non-EU/EEA, non-privileged backgrou…",https://www.uva.nl/en/programmes/masters/music-studies-arts-and-culture/music-studies.html
master-all.json,DCLead — Digital Communication Leadership (Erasmus Mundus Joint Master; POLINN/TECMAN/ICT4D tracks) — PROGRAMME DISCONTINUED,"Consortium: Paris-Lodron University of Salzburg (coordinator), Vrije Universiteit Brussel, Aalborg University…",,Master's degree,Consortium (public universities),General-Business/MBA (digital media strategy & management),English,Not published,None,https://dclead.eu/
master-all.json,Master of Music (individual route; no dedicated production or sound-design specialism published),ArtEZ University of the Arts – Academy of Music Arnhem,Arnhem,Master of Music (MMus),University of the arts (hogeschool),Sound design / production,English,Not published,NL Scholarship – ArtEZ Institute of the Arts is a listed participating institution for 2026-2027,https://www.artez.nl/en/programmes/master/master-of-music-arnhem
master-all.json,Master of Music — The Sound of Innovation,ArtEZ University of the Arts — Academy of Pop Music (Popacademie),Enschede,Master's degree,"Government-funded Dutch university of applied sciences. IND RECOGNISED SPONSOR: YES (ArtEZ is on the IND register) — moot, as the programme is closed.",Music business,English.,Not published,Holland Scholarship (historically).,https://www.artez.nl/en/courses/master/the-sound-of-innovation/admission
master-all.json,MENA Scholarship Programme (MSP) — short-course/professional training funding,Dutch institutions (via Nuffic / Dutch Ministry of Foreign Affairs),,Funding scheme,Consortium,General-Business/MBA,English,Not published,MENA Scholarship Programme (MSP),https://www.studyinnl.org/finances/mena-scholarship-programme-msp/msp-tunisia
master-all.json,MA Cultural Economics and Entrepreneurship,Erasmus University Rotterdam,,Master's degree,Public,Music-Business,English,Not published,Erasmus Trustfonds Scholarship (confirmed listed on programme fees page); Holland Scholarship NOT mentioned on the prog…,https://www.eur.nl/en/master/cultural-economics-and-entrepreneurship
master-all.json,Master of Music — Music Design,"HKU University of the Arts Utrecht (Hogeschool voor de Kunsten Utrecht), School of Music and Technology / Utr…",Utrecht,MMus (Master of Music),Conservatory / university of the arts (publicly funded Dutch hogeschool),Sound design / production,"Page lists the programme as ""Engels|Nederlands"". CLARIFICATION CONFIRMED: lessons are taught in English, but roughly two-thirds of students are Dutch, so the day-to-day social and studio language will often be Dutch. His Arabic/French/English profile covers the teaching language; the informal environment is the risk.",Not published,"Holland Scholarship — named on the page as available to talented international candidates. This is a Dutch Ministry of Education scheme co-funded by institutions and is restricted to non-EEA students, so a Tunisian national is in scope. It is competitive and awarded independently of when in the round he applies.",https://www.hku.nl/studeren-aan-hku/muziek-en-technologie/master-music-design
master-all.json,"Master of Music, pathway Music Design",HKU University of the Arts Utrecht — HKU Music and Technology,Utrecht,Master's degree,University of the arts (publicly funded),Sound design / production,English,Not published,Not stated,https://www.hku.nl/en/study-at-hku/music-and-technology/master-of-music-pathway-music-design
master-all.json,MARKET-LEVEL FINDING — no private NVAO-accredited master in sound design or music production exists in the Netherlands,Netherlands private higher-education sector (systematic check across NVAO/CROHO-registered private institutions and all named specialist audio providers),Nationwide,Aggregate entry,"Sector-wide analysis covering private universities, private art schools, specialist audio academies and international chain campuses",Acoustics / audio engineering,"Relevant pattern: of nine private Dutch audio providers examined, only THREE teach in English (SAE Institute Amsterdam, Abbey Road Institute Amsterdam, DJ School Amsterdam). The remaining six — Sound Education, Pro Audio Education, Dutch Dance Music Academy, Master The Mix Academy, AV Sound Education, and the MBO institutions — teach in Dutch only, which independently rules them out for this candidate before accreditation or visa issues are even considered.",Not published,Partial,https://ind.nl/en/public-register-recognised-sponsors/public-register-study ; https://www.sae.edu/nld/domestic-entry-requirements/ ; https://abbeyroadinstitute.nl/frequently-asked-questions/ ; https://www.conservatoriumvanamsterdam.nl/en/study/focus-masters/immersive-audio/ ; https://www.hku.nl/studeren-aan-hku/muziek-en-technologie/master-music-design
master-all.json,Orange Tulip Scholarship (OTS) — funding scheme,Nuffic Neso (Netherlands Education Support Offices),,Funding scheme,Consortium,General-Business/MBA,English,Not published,Orange Tulip Scholarship,https://www.nuffic.nl/en/international/international-programmes
master-all.json,MA/MSc Professional Practice in Creative Media Industries (Audio Production pathway),SAE Institute Amsterdam,,Master's degree,Private,Sound-Design/Production,English,Not published,None,https://www.sae.edu/nld/courses/ma-msc-professional-practice/
master-all.json,NO SOUND DESIGN OR MUSIC PRODUCTION PROGRAMME EXISTS — institution checked and excluded,Tio University of Applied Sciences (Hogeschool Tio),"Amsterdam, Rotterdam, Utrecht, Eindhoven, Hengelo (multiple campuses)",Master's degree,"Private university of applied sciences (particuliere hogeschool), NVAO-accredited",Music business,English and Dutch tracks are both available — but not for any audio subject.,Not published,Not stated,https://www.tio.nl/en/ ; https://www.tio.nl/en/about-tio/
master-all.json,"Master of Arts - Music Studies (Arts and Culture), specialisation Cognitive & Computational Musicology",University of Amsterdam (UvA),,Master's degree,Public,Sound/Music-Tech,English,Not published,Amsterdam Merit Scholarship / Holland (NL) Scholarship (UvA participates; program-level availability for this MA not co…,https://www.uva.nl/en/programmes/masters/music-studies-arts-and-culture/music-studies.html
master-all.json,NO SOUND DESIGN OR MUSIC PRODUCTION PROGRAMME EXISTS — institution checked and excluded,Wittenborg University of Applied Sciences,Apeldoorn (with Amsterdam and Munich locations),Master's degree,"Private university of applied sciences — international management and business school, NVAO-accredited",Music business,All programmes taught in English — but none in audio.,Not published,Not stated,https://www.wittenborg.eu/overview-master-science-programmes.htm ; https://www.wittenborg.eu/entrance-criteria-bachelor-and-master-degree-programmes.htm ; https://www.wittenborg.eu/programmes.htm
master-all.json,Audio Communication and Sonology — Master's double degree specialisation,Technische Universität Berlin — Audio Communication Group (year 1) and Royal Conservatoire The Hague / University of the Arts — Institute of Sonology (year 2),"Berlin (year 1), The Hague (year 2)",Master's degree,Public technical university + public university of the arts / conservatoire,Acoustics / audio engineering,"GERMAN is the main language of year 1. QUOTE from TU Berlin: 'The main language of instruction in the Master's programme is German.' Year 2 (Sonology, The Hague) is in English.",Free,Not stated,https://www.tu.berlin/en/ak/study-and-teaching/degree-programs/audio-communication-and-sonology ; https://www.tu.berlin/en/studying/study-programs/all-programs-offered/study-course/audio-communication-and-technology-m-sc ; https://www.koncon.nl/en/programmes/master/sonology/masterspecialisation-audiocommsonology ; https://sonology.org/audio-communication-sonology-programme/
master-all.json,"Opleiding Audio Postproductie (film composing + sound design), 1 year part-time — class AV26",AV Sound Education (Audio Visual Sound Education),Utrecht,Not a degree,"Specialist audio academy — private Dutch provider (CRKBO), narrowly focused on audio post-production",Sound design / production,"DUTCH — CONFIRMED. Entire site, all programme and fee pages are Dutch-only; no English instruction is mentioned anywhere. HARD BLOCKER for a Tunisian applicant with no Dutch.",EUR 1.5k-5k/yr,Partial,https://avsoundeducation.nl/ ; https://avsoundeducation.nl/kosten/ ; https://avsoundeducation.nl/vooropleiding/
master-all.json,Music Producer Jaaropleiding ADVANCED (Standard and Premium packages); plus separate 1-on-1 Producer packages (Privé Les / Basis / Pro / VIP),Dutch Dance Music Academy (DDMA),"NIJMEGEN for the jaaropleiding — classes are held in the Technovium building at ROC Nijmegen (free parking). The academy's own private-lesson studio is at Saltshof 3047A, WIJCHEN (a neighbouring town). NOT Amsterdam, despite frequent mis-listing by aggregators.",Not a degree,Specialist audio academy — private Dutch provider focused specifically on electronic dance music.,Sound design / production,DUTCH — entire site and course delivery. VERIFIED.,EUR 1.5k-5k/yr,Partial,https://dutchdancemusicacademy.nl/music-producer-jaaropleiding-advanced/ ; https://dutchdancemusicacademy.nl/producer-opleidingen/ ; https://dutchdancemusicacademy.nl/studio/
master-all.json,"Master of Music, pathway Music Design (Music & Technology - strands: Composition, Music Production, Music Technology, Sound Design)",HKU University of the Arts Utrecht,,Master's degree,Public,Sound/Music-Tech,English (page confirms: 'The lessons that are offered to the MMus are taught in English'),EUR 1.5k-5k/yr,"NL Scholarship - CONFIRMED on hku.nl for the HKU Master of Music (also MFA/Scenography): EUR 5,000 for non-EEA students",https://www.hku.nl/en/study-at-hku/music-and-technology/master-of-music-pathway-music-design
master-all.json,"Beroepsopleiding Geluidstechniek / Music Producer (1 year, part-time) — FLEX, CLASSIC PRAKTIJK and ELITE PRAKTIJK tiers",Sound Education Nederland,"UTRECHT — CORRECTED. Address verified: Ibisdreef 312, 3564 RM Utrecht. (Previously recorded as UNVERIFIED.)",Not a degree,"Specialist audio academy — private, independent Dutch provider (operating since 2004; describes itself as one of the largest part-time audio programmes in the Netherlands).",Sound design / production,DUTCH. VERIFIED. This is a hard blocker for him.,EUR 1.5k-5k/yr,Partial,https://www.soundeducation.nl/kosten ; https://www.soundeducation.nl/school-voor-geluidstechniek-en-muziek-producer ; https://www.soundeducation.nl/leren-muziek-produceren
master-all.json,"Master of Music (individual study route, artistic identity focus)","ArtEZ University of the Arts, Arnhem",,Master's degree,Public,Sound/Music-Tech,English,EUR 5k-15k/yr,"NL Scholarship (EUR 5,000, non-EEA, first year only; ArtEZ participates - official page) + ArtEZ Scholarship (EUR 5,000…",https://www.artez.nl/en/programmes/master/master-of-music-arnhem
master-all.json,"Master of Music (Classical, Jazz, Pop, Global Musics; own artistic project + research)",Codarts Rotterdam (Codarts University of the Arts),,Master's degree,Public,Sound/Music-Tech,English,EUR 5k-15k/yr,"NL (Holland) Scholarship EUR 5,000 for non-EU - referenced in search results citing Codarts pages; confirm participatio…",https://www.codarts.nl/en/education/masters/master-of-music/admission/
master-all.json,"Master's Programme in Live Electronics (MMus, 2 years, 120 ECTS)",Conservatorium van Amsterdam (AHK),,Master's degree,Conservatory,Sound/Music-Tech,English,EUR 5k-15k/yr,"NL Scholarship via AHK - confirmed: AHK participates with 13 NL Scholarships for 2026 (EUR 5,000, non-EEA; 2026 applica…",https://www.conservatoriumvanamsterdam.nl/en/study/focus-masters/live-electronics/
master-all.json,"Master of Music (tracks: Classical, Jazz, Music Theatre, Pop, Creator Performer) - AMPA","Fontys Academy of Music and Performing Arts (AMPA), Tilburg",,Master's degree,Public,Sound/Music-Tech,English,EUR 5k-15k/yr,Not stated,https://www.fontys.nl/en/Programmes/Music-master-full-time.htm
master-all.json,Master of Music – specialisations Pop and Creator Performer,Fontys Academy of Music and Performing Arts (Fontys Hogeschool voor de Kunsten),Tilburg,Master of Music (MMus),University of applied sciences / academy of music,Other / adjacent,English (confirmed),EUR 5k-15k/yr,NL Scholarship – Fontys University of Applied Sciences is a listed participating institution for 2026-2027.,https://www.fontys.nl/en/Programmes/Music-master-full-time.htm
master-all.json,"Master of Music (MMus) - pathway Music Design (strands: Music Technology, Music Production, Sound Design, Composition)",HKU University of the Arts Utrecht,,Master's degree,Public (university of the arts),Sound/Music-Tech,English (MMus lessons taught in English; some bachelor-level classes open to master students are taught in Dutch),EUR 5k-15k/yr,"Holland/NL Scholarship (named on official programme page, 'awarded to most talented candidates') + HKU Talent Grant (EU…",https://www.hku.nl/en/study-at-hku/music-and-technology/master-of-music-pathway-music-design
master-all.json,Opleiding Geluidstechniek / Muziekproductie — diploma titled 'Master Geluidstechniek / Media Productie',Pro Audio Education NL,UNVERIFIED (Netherlands) — could not be confirmed; the site blocked all automated access this session.,Not a degree,Specialist audio academy — private Dutch provider.,Sound design / production,"DUTCH. UNVERIFIED this session, but consistent with an entirely Dutch-language website and the Dutch private-audio market generally.",EUR 5k-15k/yr,Not stated,https://www.proaudioeducation.nl/faq-uitgebreid-pro-audio-education/ ; https://www.proaudioeducation.nl/opleiding-muziekproductie/ ; https://www.proaudioeducation.nl/
master-all.json,"Master Art of Sound (music recording, production and sound reinforcement)",Royal Conservatoire The Hague,The Hague,Master's degree,Public,Music business,English,EUR 5k-15k/yr,NL Scholarship; Excellence Scholarship,https://www.koncon.nl/en/programmes/master/art-of-sound/master-artofsound/toelatingseisen
master-all.json,Master of Music in Sonology (Institute of Sonology),Royal Conservatoire The Hague (Koninklijk Conservatorium),,Master's degree,Conservatory,Sound/Music-Tech,English,EUR 5k-15k/yr,NL Scholarship (non-EEA) and Koncon Excellence Scholarship (all nationalities) - both confirmed on koncon scholarships …,https://www.koncon.nl/en/programmes/master/sonology/master-sonology
master-all.json,"MA Media & Creative Industries (Media Studies specialisation, 1 year, 60 EC)",Erasmus University Rotterdam (ESHCC),,Master's degree,Public,Music-Business,English,Over EUR 15k/yr,"NL Scholarship (EUR 5,000) + Erasmus Trustfonds",https://www.eur.nl/en/master/media-creative-industries
master-all.json,"MA Arts and Culture (tracks incl. Arts, Policy and Cultural Entrepreneurship / Arts in Society)",University of Groningen (RUG),,Master's degree,Public,Music-Business,English,Over EUR 15k/yr,"NL Scholarship (RUG participates, EUR 5,000 non-EEA); Eric Bleumink Fellowship - Tunisia IS on the eligible-country lis…",https://www.rug.nl/masters/arts-policy-and-cultural-entrepreneurship/
master-all.json,"MA Applied Musicology (60 EC, 1 year)",Utrecht University,,Master's degree,Public,Music-Business,English,Over EUR 15k/yr,"NL Scholarship (UU participates) and Utrecht Excellence Scholarships - neither named on the programme page itself, conf…",https://www.uu.nl/en/masters/applied-musicology
master-all.json,"MA Applied Musicology (1 year, 60 EC - music industry infrastructure, internship + thesis)",Utrecht University,,Master's degree,Public,Music-Business,English,Over EUR 15k/yr,"NL Scholarship (UU participates - listed on official UU scholarships page; national scheme = EUR 5,000 one-off). Utrech…",https://www.uu.nl/en/masters/applied-musicology
master-all.json,Remaining target institutions - CONSOLIDATED FINDINGS AND NON-FINDINGS,,,Funding scheme,Not stated,Other / adjacent,Not stated,Not published,Remaining target institutions - CONSOLIDATED FINDINGS AND NON-FINDINGS,https://am.katowice.pl/
master-all.json,NAIP - European Master of Music: New Audiences and Innovative Practice,Iceland University of the Arts (host option) + Royal Conservatoire The Hague + Prince Claus Conservatoire Gro…,,Master's degree,Consortium,Music-Business,English,Not published,Not stated,http://www.musicmaster.eu/
master-all.json,NL Scholarship (incoming) at Codarts,,,Funding scheme,Not stated,Other / adjacent,Not stated,Not published,NL Scholarship (incoming) at Codarts,https://www.codarts.nl/en/practical-matters/practical/grants-and-loans/nl-scholarship-incoming
master-all.json,"NL Scholarship at HKU, ArtEZ, Fontys and Zuyd (institutional allocations)",,,Funding scheme,Not stated,Other / adjacent,Not stated,Not published,"NL Scholarship at HKU, ArtEZ, Fontys and Zuyd (institutional allocations)",https://www.hku.nl/en/study-at-hku/explore-and-apply/nl-scholarship
master-all.json,NL Scholarship (formerly Holland Scholarship),,,Funding scheme,Not stated,Other / adjacent,Not stated,Not published,NL Scholarship (formerly Holland Scholarship),https://www.studyinnl.org/finances/nl-scholarship
master-all.json,Royal Conservatoire The Hague — Excellence Scholarship (relevant for Master of Music in Sonology),,,Funding scheme,Not stated,Other / adjacent,Not stated,Not published,Royal Conservatoire The Hague — Excellence Scholarship (relevant for Master of Music in Sonology),https://www.koncon.nl/en/application-process/tuitionfees/scholarships
master-all.json,Eric Bleumink Fellowship (University of Groningen),,,Funding scheme,Not stated,Other / adjacent,Not stated,Not published,Eric Bleumink Fellowship (University of Groningen),https://www.rug.nl/masters/arts-policy-and-cultural-entrepreneurship/
master-all.json,Leiden University Excellence Scholarship (LExS),,,Funding scheme,Not stated,Other / adjacent,Not stated,Not published,Leiden University Excellence Scholarship (LExS),https://www.universiteitleiden.nl/en/education/study-programmes/master/creative-intelligence--technology
master-all.json,"Conservatorium van Amsterdam / AHK — Talent Grant, Changemaker Scholarship and Profiling Fund",,,Funding scheme,Not stated,Other / adjacent,Not stated,Not published,"Conservatorium van Amsterdam / AHK — Talent Grant, Changemaker Scholarship and Profiling Fund",https://www.conservatoriumvanamsterdam.nl/en/study/focus-masters/immersive-audio/
master-all.json,Prince Claus Fund — Seed Awards and Fellows Awards,,,Funding scheme,Not stated,Other / adjacent,Not stated,Not published,Prince Claus Fund — Seed Awards and Fellows Awards,https://princeclausfund.nl/programmes
master-all.json,Erasmus Trustfonds Scholarship (Erasmus University Rotterdam),,,Funding scheme,Not stated,Other / adjacent,Not stated,Not published,Erasmus Trustfonds Scholarship (Erasmus University Rotterdam),https://www.eur.nl/en/master/cultural-economics-and-entrepreneurship
master-all.json,"Utrecht University / University of Amsterdam merit scholarships (Amsterdam Merit Scholarship, Utrecht Excellence Schola…",,,Funding scheme,Not stated,Other / adjacent,Not stated,Not published,"Utrecht University / University of Amsterdam merit scholarships (Amsterdam Merit Scholarship, Utrecht Excellence Schola…",https://www.uva.nl/en/education/master-s/scholarships-and-financial-matters/scholarships-and-financial-matters.html
master-all.json,NO MUSIC / SOUND MASTER FOUND,Delft University of Technology (TU Delft),Delft,Master's degree,Public technical university,Sound design / production,English,Not published,Not stated,https://www.tudelft.nl/en/education/programmes/masters ; https://www.tudelft.nl/en/x/whats-on-offer/overview-a-z/electronic-music-production
master-all.json,NL Scholarship (Holland Scholarship) - cross-cutting funding scheme for all listed Dutch institutions that participate,Dutch Ministry of Education + participating universities (via Study in NL),,Funding scheme,Consortium,Sound/Music-Tech,"n/a (scheme, not a program)",Not published,"NL Scholarship - EUR 5,000, first year only, once per student",https://www.studyinnl.org/finances/nl-scholarship
master-all.json,"NL Scholarship (formerly Holland Scholarship) — funding scheme, not a program",Dutch research universities + universities of applied sciences (via participating institutions / Ministry OCW),,Funding scheme,Consortium,General-Business/MBA,English,Not published,NL Scholarship,https://www.studyinnl.org/finances/nl-scholarship
master-all.json,"Master of Music - Music Design pathway (strands: Music Technology, Sound Design, Music Production, Composition)",HKU University of the Arts Utrecht,,Master's degree,Conservatory,Sound/Music-Tech,English (core MMus lessons; some shared bachelor classes primarily Dutch),Not published,Holland Scholarship (HKU participation confirmed on program page: 'awarded to the most talented candidates'),https://www.hku.nl/en/study-at-hku/music-and-technology/master-of-music-pathway-music-design
master-all.json,GROUP NEGATIVE — no hbo-master in music production at any of these,Hogeschool Inholland (Conservatorium Haarlem); HAN University of Applied Sciences; Saxion; NHL Stenden,Haarlem / Arnhem-Nijmegen / Enschede-Deventer / Leeuwarden,Not a degree,"Government-funded hogescholen. IND RECOGNISED SPONSORS: YES for all four (Inholland, HAN, Saxion, NHL Stenden are all on the IND register) — but irrelevant, as none has an in-scope programme.",Sound design / production,Dutch/English.,Not published,Not stated,https://www.inholland.nl/opleidingen/muziek-voltijd/ ; https://www.nhlstenden.com/minoren/audio-and-music-production-15ec
master-all.json,Master of Arts in Fine Art and Design (Fine Art / Lens-Based Media / Experimental Publishing); Master Interior Architecture; Education in Arts; Master Design,Hogeschool Rotterdam — Willem de Kooning Academy / Piet Zwart Institute,Rotterdam,Master's degree,Government-funded hogeschool. IND RECOGNISED SPONSOR: YES (Hogeschool Rotterdam is on the IND register).,Acoustics / audio engineering,English.,Not published,Not stated,https://www.pzwart.nl/
master-all.json,"Any UM master's, e.g. MSc International Business - paired with the UM NL-High Potential Scholarship",Maastricht University (School of Business and Economics),,Aggregate entry,Public,General-Business/MBA,English,Not published,UM NL-High Potential Scholarship - 21 full scholarships/year for non-EU students (confirmed),https://www.maastrichtuniversity.nl/studeren/toelating-inschrijving/financing-your-studies/scholarships/maastricht-university-nl-high
master-all.json,NO MUSIC/SOUND MASTER — closest is MA Media Studies: Digital Cultures,Maastricht University — Faculty of Arts and Social Sciences (FASoS),Maastricht,Master's degree,Public research university,Sound design / production,English,Not published,Maastricht University Holland-High Potential Scholarship (UM-HPS),https://www.maastrichtuniversity.nl/education/master/programmes/media-studies-digital-cultures
master-all.json,NL Scholarship (Holland Scholarship) - cross-cutting funding for Dutch entries above,Participating Dutch institutions 2026-27 incl. Utrecht University and HKU University of the Arts Utrecht; Era…,,Aggregate entry,"Public (Dutch Ministry of Education, Culture and Science + institutions)",Sound/Music-Tech,n/a (funding scheme),Not published,NL Scholarship,https://www.studyinnl.org/finances/nl-scholarship
master-all.json,Seed Award,,,Funding scheme,Not stated,Other / adjacent,Not stated,Not published,Seed Award,https://princeclausfund.nl/awards-and-programmes/seed-award
master-all.json,Audiovisueel (MBO niveau 4) and related media tracks — checked for a private/international audio route,Mediacollege Amsterdam (Ma) — a public ROC,Amsterdam,Not a degree,PUBLIC — government-funded ROC (vocational college). Not private in any respect.,Music business,DUTCH only. VERIFIED — no English-taught route exists.,Under EUR 1.5k/yr,Not stated,https://www.ma-web.nl/opleidingen/opleidingsoverzicht/ ; https://welkombijma.nl/opleidingen/audiovisueel/ ; https://www.ma-web.nl/samenwerken/internationalisering/
master-all.json,"MARKET-LEVEL FINDING (VERIFIED) — no private NVAO-accredited master in sound design or music production exists in the Netherlands, and no private Dutch audio school can sponsor a non-EU student residence permit","Netherlands private higher-education sector (verification pass across IND recognised-sponsor register, SAE Institute Netherlands, Abbey Road Institute Amsterdam, plus the public NVAO-accredited comparators CvA/AHK and HKU)",Nationwide (private providers concentrated in Amsterdam),Aggregate entry,"Sector-wide verification: private specialist audio academies (Abbey Road Institute, SAE) and international chain campuses, benchmarked against public NVAO-accredited conservatoires",Music business,English is available at the two credible private providers (SAE Institute Amsterdam and Abbey Road Institute Amsterdam both operate English-language provision; SAE's DJ Certificate page confirms English delivery with a Dutch version also offered). The claim that six other Dutch providers teach in Dutch only was NOT re-verified in this pass — treat as unconfirmed. Verified public comparators: CvA Master in Immersive Audio is taught entirely in English; HKU Master Music Design lists 'Engels|Nederlands' with lessons primarily in English.,Under EUR 1.5k/yr,Partial,https://www.sae.edu/nld/domestic-entry-requirements/ ; https://abbeyroadinstitute.nl/frequently-asked-questions/ ; https://abbeyroadinstitute.nl/courses/diploma-music-production-sound-engineering/ ; https://www.sae.edu/nld/ ; https://www.sae.edu/nld/courses/ ; https://www.sae.edu/nld/courses/dj-certificate/ ; https://ind.nl/en/public-register-recognised-sponsors/public-register-study ; https://www.conservatoriumvanamsterdam.nl/en/study/focus-masters/immersive-audio/ ; https://www.hku.nl/studeren-aan-hku/muziek-en-technologie/master-music-design
master-all.json,"Master of Music — Pop, main subject Creative Producer (""Pop Creative Producer"")",Codarts University for the Arts (Codarts Rotterdam),Rotterdam,Master's degree,Government-funded Dutch university of applied sciences (hogeschool voor de kunsten). IND RECOGNISED SPONSOR: YES — Codarts appears on the IND Public Register of Recognised Sponsors for Education; it enrols non-EU students on study residence permits it sponsors itself.,Sound design / production,English (international master).,EUR 1.5k-5k/yr,"Holland Scholarship (€5,000, one-off, first year only, for non-EEA students); Codarts institutional scholarships/grants…",https://www.codarts.nl/en/education/masters/master-of-music/admission/admission-requirements-pop-creative-producer/
master-all.json,"Master of Music - Pop, specialization Creative Producer",Codarts University of the Arts Rotterdam,,Master's degree,Public (university of the arts),Sound-Design/Production,Check (Codarts is international; English used in auditions - confirm per specialization),EUR 1.5k-5k/yr,None,https://www.codarts.nl/en/master-of-music/
master-all.json,"Artiest Dance Producer (MBO niveau 4) and related music programmes — Podium/Studiotechniek, Music Industry Professional",Herman Brood Academie (an academy within MBO Utrecht),Utrecht (Australiëlaan 25),Not a degree,"PUBLIC — an academy within a government-funded ROC (MBO Utrecht). NOT a private institution, despite its distinct branding and its frequent mis-listing by aggregators as a private music school.",Music business,"DUTCH — VERIFIED AND DISQUALIFYING. The entire website and all programme material is in Dutch. No English-taught track exists, and the programmes page carries no international-student or English-language provision whatsoever. This alone rules him out irrespective of every other factor.",EUR 1.5k-5k/yr,Not stated,
master-all.json,"Artiest Dance Producer (MBO niveau 4) and related music programmes — Podium/Studiotechniek, Music Industry Professional",Herman Brood Academie (part of MBO Utrecht),Utrecht,Not a degree,PUBLIC — academy within a government-funded ROC (MBO Utrecht). NOT a private institution despite its distinct branding.,Music business,DUTCH. All programmes and the entire website are in Dutch. No English-taught track exists. This alone disqualifies him.,EUR 1.5k-5k/yr,Not stated,https://hermanbroodacademie.nl/mbo-opleidingen/ ; https://hermanbroodacademie.nl/praktische-informatie/kosten/ ; https://www.mboutrecht.nl/academies/herman-brood-academie/
master-all.json,Audiovisueel (MBO) and related media tracks — checked for a private/international audio route,Mediacollege Amsterdam (Ma) — a public ROC,Amsterdam,Not a degree,PUBLIC — government-funded ROC (vocational college). Not private in any respect.,Music business,DUTCH only. No English-taught programme.,EUR 1.5k-5k/yr,Not stated,https://www.ma-web.nl/opleidingen/opleidingsoverzicht/ ; https://www.ma-web.nl/samenwerken/internationalisering/ ; https://welkombijma.nl/opleidingen/audiovisueel/
master-all.json,"Master of Music (Classical, Jazz, Education Track; specialisations include composition, arranging, theory and music technology)",Zuyd University of Applied Sciences — Conservatorium Maastricht,Maastricht,Master's degree,Government-funded hogeschool. IND RECOGNISED SPONSOR: YES — Zuyd Hogeschool is on the IND Public Register of Recognised Sponsors for Education.,Sound design / production,English.,EUR 1.5k-5k/yr,Zuyd Excellence Scholarship — VERBATIM: 'Students who have to pay the institutional tuition fees (such as non-EU studen…,https://www.conservatoriummaastricht.nl/admission/how-apply/master-music-education-track ; https://www.conservatoriummaastricht.nl/admission/tuition-fees-scholarships
master-all.json,"Master of Music — Composition Profile / Performers Profile, available in the Pop, Jazz, Classical and World Music departments",Codarts University of the Arts Rotterdam,Rotterdam,Master's degree,Public (government-funded university of applied sciences for the arts),Other / adjacent,English,EUR 5k-15k/yr,NL Scholarship (Holland Scholarship),https://www.codarts.nl/en/master-of-music/ (blocked to automated retrieval) ; https://www.mastersportal.com/studies/127292/music.html
master-all.json,"Master of Music — Electronic Music Performance (EMP), Jazz department",Conservatorium Maastricht — Zuyd University of Applied Sciences (Zuyd Hogeschool),Maastricht,Master's degree,Public (government-funded university of applied sciences),Music business,English — 'The programmes of Master of Music are taught in English.',EUR 5k-15k/yr,Zuyd Excellence Scholarship (ZES); NL-Zuyd Excellence Scholarship (NL-ZES); Conservatorium Maastricht Foundation (CMF);…,https://www.conservatoriummaastricht.nl/study-here/jazz/master/master-electronic-music-performance ; https://www.conservatoriummaastricht.nl/admission/how-apply/jazz-master ; https://www.conservatoriummaastricht.nl/language-requirements ; https://www.conservatoriummaastricht.nl/admission/tuition-fees-scholarships
master-all.json,"Master in Immersive Audio (MMus, 2 years, 120 ECTS)",Conservatorium van Amsterdam (AHK),,Master's degree,Conservatory,Sound-Design/Production,English,EUR 5k-15k/yr,"NL Scholarship via AHK - confirmed: 13 NL Scholarships for 2026 (EUR 5,000, non-EEA)",https://www.conservatoriumvanamsterdam.nl/en/study/classical-music/principal-subjects/immersive-audio/
master-all.json,Master's Programme in Live Electronics (Focus Master),Conservatorium van Amsterdam (AHK),Amsterdam,Master of Music (MMus),Conservatory within a public university of the arts,Sound design / production,English,EUR 5k-15k/yr,None found,https://www.conservatoriumvanamsterdam.nl/en/study/focus-masters/live-electronics/
master-all.json,Master in Immersive Audio (Focus Master within Master of Music),Conservatorium van Amsterdam (Amsterdam University of the Arts / AHK),Amsterdam,Master of Music (MMus),Conservatoire,Music business,English,EUR 5k-15k/yr,AHK Talent Grant; AHK Changemaker Scholarship; Profiling Fund. NL Scholarship (participation by AHK: UNVERIFIED).,https://www.conservatoriumvanamsterdam.nl/en/study/focus-masters/immersive-audio/
master-all.json,Master's Programme in Live Electronics (Focus Master within Master of Music),Conservatorium van Amsterdam (Amsterdam University of the Arts / AHK),Amsterdam,Master of Music (MMus),Conservatoire,Acoustics / audio engineering,English,EUR 5k-15k/yr,AHK Talent Grant; AHK Changemaker Scholarship; Profiling Fund,https://www.conservatoriumvanamsterdam.nl/en/study/focus-masters/live-electronics/
master-all.json,Master of Music in Immersive Audio,Conservatorium van Amsterdam (Amsterdam University of the Arts),,Master's degree,Conservatory,Sound-Design/Production,English,EUR 5k-15k/yr,AHK Talent Grant / Changemaker Scholarship / Profiling Fund (listed on AHK tuition page; eligibility and amounts not de…,https://www.conservatoriumvanamsterdam.nl/en/study/focus-masters/immersive-audio/
master-all.json,Master Immersive Audio (Focus Master),"Conservatorium van Amsterdam (Amsterdam University of the Arts, AHK)",Amsterdam,Master of Music (MMus),Conservatory within a public university of the arts,Music business,English,EUR 5k-15k/yr,None found on the programme or AHK fee pages for a Tunisian master's applicant. UNVERIFIED whether the Holland Scholarship or AHK hardship funds apply to this track.,https://www.conservatoriumvanamsterdam.nl/en/study/interdisciplinary-masters-programmes/immersive-audio/
master-all.json,Master in Immersive Audio (Focus Master),Conservatorium van Amsterdam (CvA) — Amsterdam University of the Arts (AHK),Amsterdam,Master's degree,Public (government-funded university of the arts),Music business,English,EUR 5k-15k/yr,NL-Scholarship (AHK); Holland Scholarship,https://www.conservatoriumvanamsterdam.nl/en/study/focus-masters/immersive-audio/ ; https://www.ahk.nl/en/study/during-your-study-programme/student-affairs/financial-matters/tuition-fees/ ; https://www.conservatoriumvanamsterdam.nl/en/application-and-admission/how-to-apply/language-certificate/ ; https://www.conservatoriumvanamsterdam.nl/en/application-and-admission/how-to-apply/closing-dates-for-application/
master-all.json,Master in Live Electronics (Focus Master),Conservatorium van Amsterdam (CvA) — Amsterdam University of the Arts (AHK),Amsterdam,Master's degree,Public (government-funded university of the arts),Acoustics / audio engineering,English,EUR 5k-15k/yr,NL-Scholarship (AHK),https://www.conservatoriumvanamsterdam.nl/en/study/focus-masters/live-electronics/ ; https://www.ahk.nl/en/study/during-your-study-programme/student-affairs/financial-matters/tuition-fees/ ; https://www.conservatoriumvanamsterdam.nl/en/application-and-admission/how-to-apply/closing-dates-for-application/
master-all.json,"Master of Music (variants: Classical, Jazz, Music Theatre, Pop, Creator Performer)","Fontys University of Applied Sciences — Fontys Academy of the Arts / Rockacademie, Tilburg",Tilburg,Master's degree,Government-funded Dutch university of applied sciences. IND RECOGNISED SPONSOR: YES — Fontys is on the IND Public Register of Recognised Sponsors for Education.,Sound design / production,English.,EUR 5k-15k/yr,"NL Scholarship (formerly Holland Scholarship) — €5,000, first year only, non-EEA. VERBATIM: 'Some of the Fontys program…",https://www.fontys.nl/en/Programmes/Music-master-full-time.htm ; https://fontys.edu/Bachelors-Masters/Masters/Master-of-Music/Apply-1.htm
master-all.json,"Master of Music — study routes: Classical Music, Jazz (New York Jazz), New Audiences & Innovative Practice (NAIP)",Prince Claus Conservatoire (Prins Claus Conservatorium) — Hanze University of Applied Sciences,Groningen,Master's degree,Public (government-funded university of applied sciences),Acoustics / audio engineering,English,EUR 5k-15k/yr,NL Scholarship at Hanze UAS,https://www.prinsclausconservatorium.nl/en/programmes/master-of-music ; https://www.prinsclausconservatorium.nl/en/admission-and-application ; https://www.hanze.nl/binaries/_cb_1726654707959/content/assets/hanze/en/studying/master-booklet_2526_v1_hve_web.pdf
master-all.json,Master of Music - study routes New York Jazz and NAIP (New Audiences & Innovative Practice),"Prince Claus Conservatoire, Hanze University of Applied Sciences, Groningen",,Master's degree,Conservatory (public - part of Hanze UAS),Sound/Music-Tech,English,EUR 5k-15k/yr,"Built-in funded NY semester (NY Jazz route); NL Scholarship at Hanze (EUR 5,000 one-off, non-EEA, confirmed on Hanze pa…",https://www.prinsclausconservatorium.nl/en/programmes/master-of-music
master-all.json,"MA Music Studies (Arts and Culture) — specialisations: historical, cultural or cognitive musicology (including Cognitive and Computational Musicology)","University of Amsterdam (UvA) — Faculty of Humanities, Department of Musicology / Graduate School of Humanities",Amsterdam,Master's degree,Public research university,Acoustics / audio engineering,English,EUR 5k-15k/yr,Amsterdam Merit Scholarship / Letje Lips Amsterdam Merit Scholarship (LLAMS) — Graduate School of Humanities,https://www.uva.nl/en/programmes/masters/music-studies-arts-and-culture/music-studies.html ; https://www.uva.nl/en/programmes/masters/music-studies-arts-and-culture/application-and-admission/application-and-admission.html ; https://www.uva.nl/en/education/fees-and-funding/tuition-fees/tuition-fees.html
master-all.json,"NO RELEVANT MASTER — departments are Critical Studies, Design, Dirty Art Department, Fine Arts, Studio for Immediate Spaces, plus an annually launched Temporary Programme",Sandberg Instituut (postgraduate programme of the Gerrit Rietveld Academie),Amsterdam,Master's degree,Public (government-funded art academy),Sound design / production,English,Over EUR 15k/yr,Not stated,https://sandberg.nl/ ; https://rietveldacademie.nl/en/page/373/master ; https://sandberg.nl/main-department-studio-for-immediate-spaces
master-all.json,MA Applied Musicology,"Utrecht University — Faculty of Humanities, Musicology",Utrecht,Master's degree,Public research university,Music business,English,Over EUR 15k/yr,Utrecht Excellence Scholarship (UES); Holland Scholarship,https://www.uu.nl/en/masters/applied-musicology ; https://www.uu.nl/en/masters/applied-musicology/study-programme
master-all.json,Audio post-production / film composing and sound design (1-year part-time) — class AV26,AV Sound Education (Audio Visual Sound Education),Utrecht,Not a degree,"Specialist audio academy — private Dutch provider, narrowly focused on audio post-production",Sound design / production,DUTCH — all materials and instruction appear to be in Dutch.,Not published,Not stated,https://avsoundeducation.nl/
master-all.json,Advanced Diploma in Music Production & Sound Engineering (full-time and part-time) — NOT A MASTER-LEVEL QUALIFICATION,Abbey Road Institute Amsterdam,Amsterdam,"""Advanced Diploma"". Awarding body NOT specified on the page. No Dutch NVAO accreditation, no CROHO registration and no university validation is stated — so this is not a Dutch hbo-master or wo-master and carries no EQF level 7 recognition on the evidence available.",Private/specialist audio academy,Sound design / production,English,Not published,None found.,https://abbeyroadinstitute.nl/courses/
master-all.json,"Master of Music (routes: Classical Music, New York Jazz, NAIP — New Audiences & Innovative Practice; plus Instrumental Learning and Teaching, Wind Band Conducting)",Hanze University of Applied Sciences — Prince Claus Conservatoire,Groningen,Master's degree,Government-funded hogeschool. IND RECOGNISED SPONSOR: YES (Hanze is on the IND register).,Music business,English.,Not published,Holland Scholarship.,https://www.prinsclausconservatorium.nl/en/programmes/master-of-music
master-all.json,Music Production / DJ Academy / Music Business tracks,Master The Mix Academy,"Hilversum — address verified: 's-Gravelandseweg 7, 1211 BN Hilversum",Not a degree,Specialist audio academy — private Dutch provider.,Music business,DUTCH — VERIFIED. The website is entirely in Dutch with no English option offered.,Not published,Not stated,https://www.masterthemix.com/ ; https://www.masterthemix.com/audio-engineer
master-all.json,"FUNDING-SCHEME FINDING — the NL Scholarship (formerly Holland Scholarship): no private Dutch institution participates, and private Dutch audio schools cannot sponsor a student visa either (NOT A PROGRAMME)","Nuffic / Study in NL, on behalf of the Dutch Ministry of Education, Culture and Science and participating higher-education institutions",The Hague (scheme administrator); participating institutions nationwide,Funding scheme,National scholarship scheme administered exclusively through publicly funded (bekostigd) institutions,Funding scheme,English,Not published,Not stated,https://www.studyinnl.org/finances/nl-scholarship
master-all.json,n/a — organisation dissolved,STEIM (STudio for Electro-Instrumental Music),Amsterdam,Not a degree,Independent non-profit research studio (dissolved),Sound design / production,N/A,Not published,Not stated,https://en.wikipedia.org/wiki/STEIM ; https://nieuweinstituut.nl/en/projects/minus-one/steim-24
sounddesign-europe.json,Master Game Technology (VERIFIED NEGATIVE — contains no audio specialisation),Breda University of Applied Sciences (BUas),Breda,MSc (Master of Science),University of applied sciences (public),"None relevant — game technology research only. Specialisations are Advanced Graphics Programming, Serious Games for Learning and Change, Virtual Humans, and Digital Twins. NO audio or sound-design specialisation exists.",English,,None found on the page read. The Holland Scholarship is a general Dutch scheme worth checking separately for non-EEA applicants.,https://www.buas.nl/en/programmes/master-game-technology
sounddesign-europe.json,"Advanced Diploma in Music Production & Sound Engineering (full-time and part-time) — NOT A MASTER'S, AND NO VISA SUPPORT FOR NON-EU RESIDENTS",Abbey Road Institute Amsterdam (ARI Education NL B.V.),Amsterdam,"Advanced Diploma. The course page's key-facts block states plainly: ""Qualification: Advanced Diploma"". No awarding body is named on the Dutch site (the London campus's NCFE accreditation is not claimed for Amsterdam). CORRECTION / NEW FINDING: the Dutch legal status IS published, on the fees page — ""Abbey Road Institute Amsterdam is an approved short vocational education provider in the Netherlands, registered under the name ARI Education NL B.V."" and, in the disclaimer, ""Abbey Road Institute Amsterdam is officially 'short vocational education' and does not entitle study finance. Precisely because of that, our tuition is eligible for tax deduction."" So: recognised as short vocational education, NOT NVAO-accredited higher education, NOT an hbo- or wo-master, no EQF level 7, no CROHO registration.","Private specialist audio academy; Dutch ""short vocational education"" provider",Music Production; Recording/Engineering; music theory for producers; music business,English,,"None. No scholarship or bursary is offered. The only cost relief mentioned is a Dutch income-tax deduction, and the page states explicitly that the programme ""does not entitle study finance"".",https://abbeyroadinstitute.nl/courses/diploma-music-production-sound-engineering
private-es-pt-nl-it.json,Advanced Diploma in Music Production and Sound Engineering (part-time),Abbey Road Institute Amsterdam (ARI Education NL B.V.),Amsterdam,,International chain campus – specialist audio academy (Abbey Road Studios brand),"Music production and sound engineering, delivered part-time over two years",English,,,https://abbeyroadinstitute.nl/courses/part-time-diploma-music-production-sound-engineering/fees-funding/ ; entry requirements: https://abbeyroadinstitute.nl/courses/part-time-diploma-music-production-sound-engineering/entry-requirements/ ; course and dates: https://abbeyroadinstitute.nl/courses/part-time-diploma-music-production-sound-engineering/
private-es-pt-nl-it.json,Advanced Diploma in Music Production & Sound Engineering — Part-time (2 years),Abbey Road Institute Amsterdam (ARI Education NL),"Amsterdam (Atlantisplein 1, 1093 NE — Q-Factory)",,International chain campus / specialist audio academy (Abbey Road Studios / Universal Music franchise),"Same curriculum as the full-time diploma, spread over two years to allow work alongside study.",English,,,
private-es-pt-nl-it.json,"Music Producer Jaaropleiding (Advanced) — Standard, Pro and VIP packages; plus DJ Opleiding Basis",Dutch Dance Music Academy (DDMA),Nijmegen (NOT Amsterdam — commonly mis-listed),,Specialist audio academy — private Dutch provider focused specifically on electronic dance music,"THE CLOSEST GENRE MATCH IN THIS SLICE to his stated goal of becoming an international DJ/producer: electronic dance music production across genres, plus a separate DJ course.",DUTCH (entire site and course delivery in Dutch).,,,https://dutchdancemusicacademy.nl/music-producer-jaaropleiding-advanced/ ; https://dutchdancemusicacademy.nl/producer-opleidingen/ ; https://dutchdancemusicacademy.nl/studio/
private-es-pt-nl-it.json,Advanced Mixing & Mastering Certificate (4 months),SAE Institute Amsterdam,Amsterdam,,International chain campus — specialist audio academy,Specialist mixing and mastering craft.,English,,,https://www.sae.edu/nld/courses/advanced-mixing-and-mastering-certificate/ ; https://www.sae.edu/nld/course-fees-2026-2027/
private-es-pt-nl-it.json,MA/MSc Professional Practice in Creative Media Industries — Audio Production specialism,"SAE Institute Amsterdam (SAE Institute Netherlands, part of the global SAE / Navitas chain)",Amsterdam (delivered fully ONLINE — no campus attendance),,International chain campus — specialist audio/creative-media academy (SAE operates ~50 campuses worldwide),"Self-directed, project-based professional practice master. Student develops one major creative project in a chosen specialism; Audio Production is one of the available specialisms (others: Music Business, Film, Game Art, Games Programming, VFX, Web Dev, Content Creation).",English,,,"https://www.sae.edu/gbr/courses/ma-msc-professional-practice/ (fees, entry requirements, specialisms); https://www.sae.edu/nld/courses/ma-msc-professional-practice/ and https://www.sae.edu/nld/masters/ (NL listing); https://www.sae.edu/nld/domestic-entry-requirements/ (visa and IELTS statement)"
private-es-pt-nl-it.json,"Beroepsopleiding Geluidstechniek / Music Producer (1-year part-time) — FLEX, CLASSIC PRAKTIJK and ELITE PRAKTIJK tiers",Sound Education Nederland,UNVERIFIED (Netherlands; the school operates nationally and delivers classroom lessons online) — confirm campus location,,"Specialist audio academy — private, independent Dutch provider (operating since 2004; describes itself as one of the largest part-time audio programmes in the Netherlands)","Sound engineering and music production, plus recently DJ-ing. Taught by 20+ working specialists.",DUTCH. This is a hard blocker for him.,,,https://www.soundeducation.nl/kosten ; https://www.soundeducation.nl/school-voor-geluidstechniek-en-muziek-producer ; https://www.soundeducation.nl/leren-muziek-produceren
