scholarship_id,region,scholarship_name,scholarship_name_original,provider,provider_type,applies_to_institution,applies_to_city,applies_to_programs,degree_level_covered,coverage_level,amount_eur_per_year,amount_notes,duration_covered,number_of_awards,nationality_restrictions,tunisia_eligible,tunisia_eligible_evidence,other_eligibility,requires_admission_first,application_window,deadline,deadline_source_cycle,apply_via,funding_url,source_urls,verification_status,verifier_agent,verified_date,red_flags,notes
FES-001,spain,MAEC-AECID Scholarships - Africa-Med Master Programme,Becas MAEC-AECID para la ciudadania de paises de Africa y Oriente Medio - Programa Africa-Med Master,Agencia Espanola de Cooperacion Internacional para el Desarrollo (AECID) / MAEUEC,government_national,any,any (Spain),all_masters (official on-site master universitario of max 60 ECTS),master,full+stipend,24000,2000 EUR/month living allowance for the scholarship period plus health-insurance policy in Spain of up to 80 EUR/month per beneficiary. Total 2026-27 budget 686400 EUR. The BOE extract does NOT state that tuition (matricula) is covered - treat tuition as NOT covered until the full resolucion is read.,1 Sep to 31 Jul (one academic year; master of max 60 ECTS),30 (max),Nationals of a closed list of African and Middle-East countries; Tunisia is explicitly on the list,yes,"""nacionales de Angola, Argelia, Cabo Verde, ... Marruecos, Mauritania, Mozambique, Namibia, Niger, Nigeria, Palestina, ... Sudan, Tanzania, Tunez y Zimbabue.""","Must hold admission to the master BEFORE applying for the scholarship; application only via AECID Sede Electronica after registering in Carpeta Ciudadana; master must be official (titulo oficial), on-site, max 60 ECTS",yes,2 July 2026 to 15 July 2026 (10 working days after BOE publication) for the 2026/2027 course,15 July 2026,"2026/2027 cycle - 2027/2028 call TBC (expect BOE publication ~late June 2027, window ~early July 2027)",AECID Sede Electronica (sede.aecid.gob.es) - Carpeta Ciudadana registration required,https://www.aecid.es/w/la-aecid-abre-la-convocatoria-de-becas-maec-aecid-2026/2027-del-programa-%C3%A1frica-med-m%C3%A1ster,https://www.aecid.es/w/la-aecid-abre-la-convocatoria-de-becas-maec-aecid-2026/2027-del-programa-%C3%A1frica-med-m%C3%A1ster|https://www.boe.es/buscar/doc.php?id=BOE-B-2026-22411,VERIFIED,F-ES,2026-08-22,Extremely short application window (10 working days) and it opens AFTER most Spanish master admission decisions - the client must already hold a written admission letter by early July 2027. Only 30 awards for ~33 countries. Tuition coverage not confirmed in the BOE extract.,"THIS IS THE SINGLE BEST ROUTE for a Tunisian national. 2000 EUR/month is well above the Spanish student cost of living. The 2027/2028 call is the one the client needs; the 2026/2027 call closed 15 July 2026. Plan: secure master admission by June 2027, then apply in the ~2-week July 2027 window."
FES-002,spain,General State Scholarship for post-compulsory studies (master included),Becas de caracter general para estudiantes que cursen estudios postobligatorios,"Ministerio de Educacion, Formacion Profesional y Deportes",government_national,any,any (Spain),all_masters (master universitario oficial) plus grado and non-university post-compulsory studies,master,full_tuition,1700-4525,Beca de matricula = full public price of credits enrolled for the first time; plus cuantia fija ligada a la renta 1700 EUR; plus cuantia fija ligada a la residencia 2700 EUR; plus cuantia ligada a la excelencia academica 50-125 EUR. Components are cumulative and means-tested.,"one academic year, renewable","not capped (entitlement-based, subject to income and academic thresholds)",Spanish or EU nationality; non-EU nationals only with a PERMANENT RESIDENCE permit - a student stay authorisation (estancia por estudios) does NOT qualify,no,"""Pel que fa als estudiants no comunitaris, s'aplica ... la normativa sobre drets i llibertats dels estrangers ... unicament podran accedir ... aquells que disposin d'un permis de residencia permanent.""",Income and asset thresholds; academic thresholds; requirements must be met as at 31 December of the year preceding the course,no (applied for before/при enrolment),7 April 2026 08:00 to 19 May 2026 15:00 (peninsular time) for course 2026-2027,19 May 2026,2026-2027 cycle - 2027-2028 call TBC (historically opens late March / early April 2027),Sede electronica del Ministerio (becaseducacion.gob.es),https://www.educacionfpydeportes.gob.es/servicios-al-ciudadano/catalogo/general/05/050130/ficha/050130-2026.html,https://www.educacionfpydeportes.gob.es/servicios-al-ciudadano/catalogo/general/05/050130/ficha/050130-2026.html|https://www.upc.edu/sga/ca/Beques/beques-per-a-estudis/beques-fundacions-i-empreses/becaallianztechnologyupc|https://www.boe.es/diario_boe/txt.php?id=BOE-B-2026-9261,PARTIALLY_VERIFIED,F-ES,2026-08-22,CONFLICT on the closing date: the ministry catalogue ficha I opened says 19 May 2026 15:00; secondary pages say 18 May 2026. Nationality quote is UPC's restatement of the state rule (in Catalan) because the full BOE convocatoria text is a PDF I could not parse this session.,"CLOSED to the client in practice. The bar is a permiso de residencia permanente, which a first-time student visa holder will not have. Only becomes relevant if the client later obtains long-term residence in Spain."
FES-003,spain,Fundacion Carolina Postgraduate Scholarships,Becas de Postgrado de la Fundacion Carolina,Fundacion Carolina,foundation,any (203 partner programmes at Spanish universities),any (Spain),specific list of ~203 partner master programmes,master,partial,TBC,"Two modalities (beca and ayuda de estudio) with differing economic contributions shared between the Foundation, the Spanish academic institution and the applicant. Exact figures not published on the pages opened.",one academic year,"228 postgraduate scholarships in the 26th (2026-2027) call, out of 736 total","Nationals and residents of a Latin American country of the Comunidad Iberoamericana de Naciones, or Portugal",no,"""licenciados nacionales y residentes de un pais de America Latina, miembro de la Comunidad Iberoamericana de Naciones, o Portugal""",Outstanding CV; B2 or higher in English or in Spanish where not a native speaker,unclear,12 January 2026 to 2 March 2026 (postgraduate and institutional) for 2026-2027,2 March 2026,2026-2027 cycle - 2027-2028 call TBC (historically opens mid-January),fundacioncarolina.es online application,https://www.fundacioncarolina.es/formacion/postgrado/,https://www.fundacioncarolina.es/formacion/postgrado/|https://www.fundacioncarolina.es/convocatoria-de-becas-2026-2027/,VERIFIED,F-ES,2026-08-22,Hard nationality bar. Confirmed CLOSED to Tunisians.,"Answering the brief plainly: Fundacion Carolina is Ibero-America only. A Tunisian national cannot apply, no matter the programme. Do not spend time here."
FES-004,spain,Fundacion la Caixa Postgraduate Fellowships Abroad,Becas de posgrado en el extranjero - Fundacion la Caixa,Fundacion Bancaria la Caixa,bank,"any (EHEA, North America, Asia-Pacific) - NOT Spain as a destination",outside Spain,all_masters except MBA; also doctorate and predoctoral research,master|doctorate,full+stipend,TBC,Tuition plus monthly allowance; exact figures not retrieved - fundacionlacaixa.org is behind Cloudflare and returned HTTP 403 to every request this session.,up to 24 months,100,Spanish or Portuguese nationality only,no,"""Tener la nacionalidad espanola o portuguesa"" (per fundacionlacaixa.org call page summary; page itself returned HTTP 403)",Bachelor degree from a Spanish (Spanish candidates) or Portuguese (Portuguese candidates) university; degree completed between Jan 2017 and Jul 2026; advanced level in the language of the destination studies,no (admission must be proven later),closed 19 January 2026 for the 2026 call,19 January 2026,2026 call - 2027 call TBC,fundacionlacaixa.org,https://fundacionlacaixa.org/es/becas-posgrado-extranjero-convocatoria,https://fundacionlacaixa.org/es/becas-posgrado-extranjero-convocatoria|https://fundacionlacaixa.org/es/becas-posgrado-extranjero,UNVERIFIED,F-ES,2026-08-22,"Provider domain is Cloudflare-protected and returned HTTP 403 to WebFetch AND to curl. Facts here come from the search engine's index of the provider domain, not from a page I successfully rendered. RE-VERIFY before relying on it.","Doubly closed: nationality is Spanish/Portuguese only, AND the destination must be outside Spain. la Caixa's separate Spain-based postgraduate award line could not be located on the provider domain this session - flagged as a coverage gap."
FES-005,spain,Fundacion Ramon Areces Postgraduate Scholarships for Studies Abroad (Social Sciences / Humanities),Becas Fundacion Ramon Areces para Estudios de Postgrado - Convocatoria para Ampliacion de Estudios en el Extranjero,Fundacion Ramon Areces,foundation,any university abroad - NOT Spain,outside Spain,"postgraduate study in economics, applied economics, commercial distribution, EU law and related fields",master|doctorate,full+stipend,25200,"2100 EUR/month NET, plus registration and tuition fees at the foreign university, plus one annual return economy flight with a travel insurance package","one academic year, extendable by one more for two-year masters",TBC,Spanish nationality only,no,"""I. Requisitos de los candidatos: Tener la nacionalidad espanola.""",Degree giving access to the requested studies; admission to the destination programme; excellent command of the language of instruction; not holding any other study grant,no (admission must be evidenced by 30 June),21 January 2026 to 23 February 2026 for course 2026/2027,23 February 2026,2026-2027 cycle - 2027-2028 call TBC (historically opens ~21 January),fundacionareces.es online form,https://www.fundacionareces.es/fundacionareces/es/convocatorias/becas-y-ayudas/,https://www.fundacionareces.es/fundacionareces/es/convocatorias/becas-y-ayudas/|https://www.fundacionareces.es/fundacionareces/es/convocatorias/becas-fundacion-ramon-areces-para-estudios-de-postgrado-xl-convocatoria-para-ampliacion-de-estudios-en-el-extranjero-en-ciencias-sociales.html,VERIFIED,F-ES,2026-08-22,Doubly closed: Spanish nationality required AND the studies must be outside Spain.,"Logged so the client does not waste time. Areces funds Spaniards leaving Spain, not foreigners coming in."
FES-006,spain,Fundacion Botin University Studies Scholarships,Becas para Estudios Universitarios - Fundacion Botin,Fundacion Botin,foundation,"any (Cantabrian universities, or other Spanish universities where the degree is unavailable in Cantabria)",Cantabria / Spain,undergraduate (grado) only,bachelor,partial,1500-5000,28 awards of 1500 EUR for study within Cantabria; 19 awards of 5000 EUR for other Spanish universities when the degree is not offered in Cantabria,"9 months, annually renewable",47 (54th edition),"Must be a native of, or resident in, Cantabria for at least three years",no,"""natural y vecino de Cantabria o haber residido en la comunidad como minimo los tres anos"" (previos a la solicitud)",Aged 25 or under; must not already hold a bachelor degree; high GPA (7.5 for engineering),no,closes 31 July 2026,31 July 2026,2026/2027 cycle - 2027 call TBC,fundacionbotin.org,https://fundacionbotin.org/becas-convocatorias/becas-para-estudios-universitarios/,https://fundacionbotin.org/becas-convocatorias/becas-para-estudios-universitarios/,VERIFIED,F-ES,2026-08-22,Cantabria residency AND undergraduate-only. Not a master's route.,Closed on two independent grounds. Logged for completeness.
FES-007,spain,Fundacion BBVA Leonardo Grants,Becas Leonardo - Fundacion BBVA,Fundacion BBVA,foundation,any,Spain / Latin America,individual research and cultural-creation projects,postdoctoral / researcher,none_found,TBC,Amounts not published on the calls index page opened.,TBC,TBC,"Open calls at 2026-08-22 are country-scoped: Becas Leonardo 2026 - Mexico, and Becas Leonardo 2026 - Argentina, Colombia y Peru",no,"Only two calls were open on the provider's convocatorias index: ""Becas Leonardo 2026 - Mexico"" and ""Becas Leonardo 2026 - Argentina, Colombia y Peru"" - no Africa/MENA call exists","Aimed at researchers and cultural creators mid-career, not at master's students",no,TBC,TBC,2026 calls open at time of check - no master's-level call published,fbbva.es / redleonardo.es,https://www.fbbva.es/convocatorias,https://www.fbbva.es/convocatorias,PARTIALLY_VERIFIED,F-ES,2026-08-22,"Fundacion BBVA runs no master's-degree scholarship. Becas Leonardo target researchers, and the live geographic calls are Latin America only.",Not a route for this client. Logged so the orchestrator can close it out.
FES-008,spain,Fundacion ONCE Oportunidad al Talento scholarship programme,Programa de Becas Oportunidad al Talento - Fundacion ONCE,Fundacion ONCE,foundation,any,any (Spain),"all_masters plus doctorate, research, study-and-sport modalities",master|doctorate,partial,TBC,Amounts not published on the pages I could open (becas.fundaciononce.es is a SharePoint site whose call detail pages returned 404 this session).,TBC,TBC,TBC,unclear,"""apostar por la educacion y el acceso al conocimiento de los jovenes con discapacidad"" - the site states disability as the defining criterion; no nationality clause was published on the pages reachable","Certified disability required. Modalities visible include Beca Master, Beca Doctorado, Beca Investigacion, Beca Estudio y Deporte",unclear,TBC,TBC,TBC,becas.fundaciononce.es,https://becas.fundaciononce.es/,https://becas.fundaciononce.es/|https://becas.fundaciononce.es/Paginas/BecasExcelencia.aspx,PARTIALLY_VERIFIED,F-ES,2026-08-22,Requires a certified disability - not applicable to this client on the profile as briefed. Call detail pages were unreachable.,Logged for completeness only.
FES-009,spain,Fundacion Repsol - no scholarship programme found,Fundacion Repsol - Becas,Fundacion Repsol,foundation,any,any (Spain),none,n/a,none_found,0,"No scholarship product exists on the provider's /becas page. What is published there is Catedras Universitarias (funded university chairs), Fondo de Emprendedores (startup accelerator) and Zinkers (schools education platform).",n/a,0,n/a,no,"No scholarship call is published; the /es/becas page lists only Catedras Universitarias, Fondo de Emprendedores and Zinkers",n/a,no,n/a,n/a,checked 2026-08-22,n/a,https://www.fundacionrepsol.com/es/becas,https://www.fundacionrepsol.com/es/becas,VERIFIED,F-ES,2026-08-22,No individual master's scholarship offered.,Closed out. Do not chase.
FES-010,spain,Santander Open Academy scholarships,Becas Santander / Santander Open Academy,Banco Santander / Santander Universidades,bank,any (delivered mostly through partner universities),any,"varies by call - study aid, academic mobility, research, professional internships",bachelor|master|other,partial,TBC,Amounts are set call-by-call. The Santander Open Academy landing page publishes no amounts. Individual university-channel calls exist (see FES-011).,varies,varies,Set per call; the platform page states only that each call has its own requirements,unclear,"""The scholarships are aimed at a wide variety of profiles, from university students to professionals. Each call may have specific requirements, so review the eligibility criteria.""",Most Santander study-aid calls in Spain are channelled through the enrolling university and require existing enrolment,yes (for the university-channel calls),"rolling, per call",TBC,rolling calls - 2027 TBC,santanderopenacademy.com,https://www.santanderopenacademy.com/en/scholarships.html,https://www.santanderopenacademy.com/en/scholarships.html,PARTIALLY_VERIFIED,F-ES,2026-08-22,"No country list published at platform level. Amounts unknown. Most Spain calls require prior enrolment, so they cannot fund the decision to come.","Useful as a top-up once enrolled, not as a primary funding route."
FES-011,spain,Santander Ayuda Economica / Santander Equality study grants at UPC,Beca Santander Ayuda Economica 2026/2027 - Beca Santander Estudis Equality 2026/27,Banco Santander with Universitat Politecnica de Catalunya,bank,Universitat Politecnica de Catalunya,Barcelona,all_masters and grado at UPC own centres,bachelor|master,partial,TBC,Amounts published inside each individual UPC convocatoria; not captured this session.,one academic year,TBC,TBC,unclear,Not published on the UPC news index; the individual convocatoria PDF was not opened this session,Must be enrolled at UPC,yes,2026/2027 calls published on the UPC SGA news index (dates inside each convocatoria),TBC,2026/2027 cycle - 2027/2028 TBC,Seu electronica UPC,https://www.upc.edu/sga/ca/noticies/beca-santander-ayuda-economica-2026-2027,https://www.upc.edu/sga/ca/Beques/beques-per-a-estudis|https://www.upc.edu/sga/ca/noticies/beca-santander-ayuda-economica-2026-2027|https://www.upc.edu/sga/ca/noticies/beca-santander-estudis-equality-2026-27,PARTIALLY_VERIFIED,F-ES,2026-08-22,Existence and cycle confirmed on the UPC domain; amounts and nationality rules not yet read.,Concrete example of the Santander top-up channel at a target university. Worth re-verifying in 2027.
FES-012,spain,"Beca Equitat (income-linked tuition reduction, Catalonia)",Beca Equitat - Acreditacio economica - AGAUR,"Agencia de Gestio d'Ajuts Universitaris i de Recerca (AGAUR), Generalitat de Catalunya",government_regional,Catalan public universities plus UOC and three attached centres (includes Universitat de Barcelona|Universitat Autonoma de Barcelona|Universitat Politecnica de Catalunya|Universitat Pompeu Fabra),Catalonia,grado and master universitari HABILITANT only (professionally qualifying masters),bachelor|master (habilitant only),partial,TBC,"Percentage discount on the credit price, not a cash amount: qualifying master tram 1 = 25 percent, tram 2 = 20 percent (grado 80/70 percent). Excludes enrolment fees, support services, repeated credits and insurance.",one academic year,not capped (income-tier based),Spanish or EU nationality as at 31 December of the preceding year; non-EU students fall under the Spanish foreigners law (permanent residence required),no,"""Tenir nacionalitat espanyola o de qualsevol estat membre de la Unio Europea.""",Family income tram; must be a qualifying (habilitant) master - most engineering/CS masters in Catalonia are NOT habilitant,yes (applied after enrolment),15 September 2026 to 30 October 2026 14:00 (Barcelona time) for course 2026-2027,30 October 2026,2026-2027 cycle - 2027-2028 TBC (historically opens mid-September),AGAUR / Tramits gencat,https://agaur.gencat.cat/ca/beques-i-ajuts/pagines-especials/beques-i-ajuts-per-estudis-universitaris1/acreditacio-economica-i-beques-equitat/,https://agaur.gencat.cat/ca/beques-i-ajuts/pagines-especials/beques-i-ajuts-per-estudis-universitaris1/acreditacio-economica-i-beques-equitat/,VERIFIED,F-ES,2026-08-22,"Closed to non-EU without permanent residence, AND restricted to habilitant masters, AND the master discount is only 20-25 percent.",Even for an EU student this is a small discount. For this client it is closed.
FES-013,spain,Generalitat de Catalunya general university scholarship (AGAUR channel of the state beca),Beca general 2026/27 (Ministeri d'Educacio - AGAUR),"AGAUR / Departament de Recerca i Universitats, Generalitat de Catalunya (managing the state beca in Catalonia)",government_regional,Catalan universities,Catalonia,all_masters (master universitari oficial) and grado,bachelor|master,full_tuition,1700-4525,"Same components as the state beca (FES-002): tuition of first-time credits, 1700 EUR income component, 2700 EUR residence component, 50-125 EUR excellence component. Global Catalan budget approx 135 million EUR.",one academic year,not capped,Spanish or EU nationality; non-EU requires a permanent residence permit - a study residence permit is expressly not valid,no,"""Pel que fa als estudiants no comunitaris ... unicament podran accedir a les convocatories de beques i ajuts publics aquells que disposin d'un permis de residencia permanent.""","Income, assets and academic thresholds; family residence in Catalonia routes the application through AGAUR",no,"opened spring 2026, closed 18-19 May 2026 for course 2026-2027",19 May 2026,2026-2027 cycle - 2027-2028 TBC,AGAUR / Tramits gencat,https://www.upc.edu/sga/ca/Beques/beques-per-a-estudis/BequesEstudi/became,https://www.upc.edu/sga/ca/Beques/beques-per-a-estudis/BequesEstudi/became|https://www.upc.edu/sga/ca/Beques/beques-per-a-estudis/beques-fundacions-i-empreses/becaallianztechnologyupc,PARTIALLY_VERIFIED,F-ES,2026-08-22,"Same permanent-residence bar as the state scheme. Deadline read off a university restatement, not the AGAUR call itself.","This is the Catalan administrative channel of FES-002, not a separate pot of money."
FES-014,spain,Comunidad de Madrid grants for students in unfavourable socio-economic situations,Becas para Alumnos en Situaciones Socioeconomicas Desfavorables - Comunidad de Madrid,"Comunidad de Madrid, Consejeria de Educacion",government_regional,Madrid public universities (includes Universidad Autonoma de Madrid|Universidad Carlos III de Madrid|Universidad Politecnica de Madrid|Universidad Complutense de Madrid),Madrid,all_masters and grado (ensenanzas oficiales de grado o master),bachelor|master,partial,TBC,Tuition compensation plus additional supports; figures set per call and not published on the index page.,one academic year,TBC,"EU citizens, and others holding a valid residence permit",no,"Requirements ""specify EU citizens and others with valid residency permits"" per the Comunidad de Madrid index page; a student stay authorisation is not a residence permit under Spanish law",Socio-economic need thresholds,yes,2025-26 call; 2026-27 call TBC,TBC,2025-2026 cycle listed as the most recent - 2026-27 and 2027-28 TBC,Comunidad de Madrid / university,https://www.comunidad.madrid/servicios/educacion/becas-estudiantes-universitarios,https://www.comunidad.madrid/servicios/educacion/becas-estudiantes-universitarios,PARTIALLY_VERIFIED,F-ES,2026-08-22,"Residency bar. Also all other Madrid regional calls (Excelencia Academica, Discapacidad, Excelencia Academico-Deportiva) showed 'Plazo cerrado' at time of check.",Madrid's own regional excellence scholarship for masters was NOT found as an open call. Treat Madrid as a weak regional-funding region for an incoming non-EU student.
FES-015,spain,Comunidad de Madrid Erasmus+ international mobility aid,Ayudas de Movilidad Internacional ERASMUS+ - Comunidad de Madrid 2026-27,Comunidad de Madrid,government_regional,Madrid universities,Madrid,"all_masters, grado and doctorate (outgoing mobility)",bachelor|master|doctorate,partial,TBC,Not published on the index page.,mobility period,TBC,"EU/EFTA/EEA citizens, OR third-country nationals holding a valid residence permit",no,"""Ser ciudadano de alguno de los 27 paises de la Union Europea, los paises de la AELC y del EEE ... o ciudadanos que, no siendo nacionales de uno de los paises participantes, lo sean de terceros paises y esten en posesion de un permiso de residencia valido""",Must already be enrolled on an official degree at a Madrid university and selected for an outgoing Erasmus+ mobility,yes,2026-27 call,TBC,2026-2027 cycle - 2027-2028 TBC,Comunidad de Madrid / home university,https://www.comunidad.madrid/servicios/educacion/becas-estudiantes-universitarios,https://www.comunidad.madrid/servicios/educacion/becas-estudiantes-universitarios,PARTIALLY_VERIFIED,F-ES,2026-08-22,"Requires a valid Spanish residence permit; a first-year study stay authorisation is likely insufficient. Also funds OUTGOING mobility, so it does not pay for the master itself.",Only relevant as a second-year top-up if the client does an Erasmus semester out of a Madrid university.
FES-016,spain,Generalitat Valenciana university study grants,Becas de la Conselleria para la realizacion de estudios universitarios en la Comunitat Valenciana,"Conselleria competente en universidades, Generalitat Valenciana",government_regional,Valencian public universities (includes Universitat Politecnica de Valencia|Universitat de Valencia),Valencia region,all_masters and grado,bachelor|master,full_tuition,TBC,Exemption from academic-service fees for subjects enrolled at first AND second enrolment. Cash amount not published on the page opened.,one academic year,TBC,Requires proven administrative residence in the Comunitat Valenciana,no,"""Para la adjudicacion de la beca es necesario acreditar residencia administrativa en la Comunitat Valenciana y no superar los umbrales de renta establecidos por la convocatoria.""",Income thresholds; digital certificate needed to apply,yes,TBC,TBC,TBC - call dates not published on the page opened,Conselleria online application (requires certificado digital),http://www.upv.es/perfiles/estudiante/introduccion-becas-es.html,http://www.upv.es/perfiles/estudiante/introduccion-becas-es.html,PARTIALLY_VERIFIED,F-ES,2026-08-22,"Administrative residence in the region is a hard bar for a newly arriving student. Facts read off UPV's restatement, not the Conselleria's own page (ceice.gva.es URLs 404'd this session).",Closed to an incoming Tunisian in year one. Possibly reachable in year two once padron/residence is established - worth re-checking.
FES-017,spain,Junta de Andalucia regional university grants - NOT VERIFIED,Becas de la Junta de Andalucia,"Junta de Andalucia, Consejeria de Universidad, Investigacion e Innovacion",government_regional,Andalusian public universities (includes Universidad de Granada|Universidad de Sevilla|Universidad de Malaga),Andalusia,TBC,TBC,TBC,TBC,TBC,TBC,TBC,TBC,unclear,TBC - the Junta de Andalucia scholarship pages could not be opened this session,TBC,unclear,TBC,TBC,TBC,TBC,https://www.uma.es/becas/cms/base/ver/base/basecontent/109003/becas-junta-de-andalucia/,https://www.uma.es/becas/cms/base/ver/base/basecontent/109003/becas-junta-de-andalucia/,UNVERIFIED,F-ES,2026-08-22,"COVERAGE GAP. The Junta's own scholarship URL 404'd and the WebSearch budget for this session was exhausted before I could locate the live page. The link recorded is UMA's index entry pointing at it, which confirms the scheme exists but carries no facts.","EXPLICIT GAP for the orchestrator: Andalusian regional funding is unverified. Spanish regional schemes have without exception required residency, so the prior is 'closed', but that is an inference, not evidence."
FES-018,spain,UAM Excellence Scholarships for Official Master's Studies,Becas de Excelencia para Estudios de Master Oficial-UAM 2026/2027,Universidad Autonoma de Madrid,university,Universidad Autonoma de Madrid,Madrid,all_masters (masteres oficiales UAM),master,partial,TBC,"100 percent of the FIRST-ENROLMENT public price for up to 60 ECTS. Critical caveat: the call defines this as ""precio publico de primera matricula (es decir, los fijados por la Comunidad de Madrid para estudiantes nacionales)"" - a non-EU non-resident is billed at the third-enrolment rate, so the award would leave a residual gap.","one academic year, up to 60 ECTS",45 total; 5 reserved for Ingenieria y Arquitectura,Not stated explicitly in the call summary; the award is defined against the price fixed for 'estudiantes nacionales',unclear,"""precio publico de primera matricula (es decir, los fijados por la Comunidad de Madrid para estudiantes nacionales)"" - no nationality bar stated, but the award is benchmarked to the national price",Minimum access GPA 7.30/10 for Ingenieria y Arquitectura (8.70/10 for other branches). Applicant must have already formalised AND PAID new-entry enrolment at UAM at the moment of applying.,yes,25 March 2026 to 15 September 2026 for course 2026/2027,15 September 2026,2026/2027 cycle - 2027/2028 TBC (historically opens late March),Sede electronica UAM - https://sede.uam.es/sede/becaExcelenciaMasterUAM,https://www.uam.es/uam/estudios/beca-ayuda/uam-propias/becas-excelencia-master-26-27,https://www.uam.es/uam/estudios/beca-ayuda/uam-propias/becas-excelencia-master-26-27|https://www.uam.es/uam/estudios/becas-ayudas,PARTIALLY_VERIFIED,F-ES,2026-08-22,You must pay full non-EU tuition UP FRONT before you can even apply - a cash-flow trap. Nationality rules not explicitly published; must be confirmed from the convocatoria PDF.,STRONG LEAD despite the caveats: the engineering branch quota (5 awards) with a 7.30/10 GPA floor is unusually reachable. The client's 300-ECTS engineering diploma exceeds the access requirement. Worth a direct email to UAM to confirm non-EU eligibility.
FES-019,spain,Fundacion Privada Jose Luis Masso Master's Scholarships at UPC,Convocatoria de beques de Master Fundacion Privada Jose Luis Masso Curs 2026-2027,Fundacion Privada Jose Luis Masso with Universitat Politecnica de Catalunya,foundation,Universitat Politecnica de Catalunya,Barcelona,"specific list of master programmes in annex II of the call, taught at UPC own centres",master,full_tuition,TBC,"100 percent of total master tuition at the 2026/2027 price, plus up to 10 percent of credits enrolled a second time, plus the degree-issuing fee. Explicitly scoped to ""ciutadans o residents permanents de la Unio Europea"".","course 2026/2027, full-time first-semester enrolment",5,"Spanish nationality, EU nationality, or third-country nationals who evidence PERMANENT RESIDENCE",no,"""Posseir nacionalitat espanyola, ser nacional d'un pais de la Unio Europea o de tercers paisos quan s'acrediti que te una situacio de residencia permanent al pais.""",Admitted to a listed UPC master; full-time enrolment in the first semester; documented socio-economically vulnerable situation; disability is a prioritisation criterion,yes,1 June 2026 to 30 September 2026 (24:00) for course 2026-2027,30 September 2026,2026-2027 cycle - 2027-2028 TBC (historically opens 1 June),Seu electronica UPC,https://www.upc.edu/sga/ca/Beques/beques-per-a-estudis/beques-fundacions-i-empreses/bequesfundacionmasso,https://www.upc.edu/sga/ca/Beques/beques-per-a-estudis/beques-fundacions-i-empreses/bequesfundacionmasso,VERIFIED,F-ES,2026-08-22,Permanent-residence bar closes it to a first-time Tunisian student. Also note the call says applying does NOT defer the tuition payment.,"Painful near-miss: this is a full-tuition award on exactly the right kind of programme, at exactly the right university, and the client is excluded by residence status alone."
FES-020,spain,Allianz Technology - UPC Scholarships,Beca Allianz Technology - UPC 2026/2027,Allianz Technology with Universitat Politecnica de Catalunya,private_company,Universitat Politecnica de Catalunya,Barcelona / Castelldefels / Manresa / Vilanova i la Geltru,"ICT BACHELOR degrees only (Informatica, Ciencia i Enginyeria de Dades, Bioinformatica, Intel-ligencia Artificial, Telecom, Telematica, Satel-lits, Sistemes TIC)",bachelor,partial,TBC,Amount inside the convocatoria; not published on the summary page.,course 2026-2027,14,"Spanish or EU nationality, or permanent residence in Spain; non-EU students explicitly need a permanent residence permit",no,"""Disposin de nacionalitat espanyola, de qualsevol estat membre de la Unio Europea o que disposin de residencia permanent a Espanya.""",Full-time enrolment (30 ECTS/semester or 60/year); at least 120 credits already passed; no outstanding debt to UPC,yes,2026-2027 call published 1 June 2026 (an addenda was later issued),TBC,2026-2027 cycle - 2027-2028 TBC,Seu electronica UPC,https://www.upc.edu/sga/ca/Beques/beques-per-a-estudis/beques-fundacions-i-empreses/becaallianztechnologyupc,https://www.upc.edu/sga/ca/Beques/beques-per-a-estudis/beques-fundacions-i-empreses/becaallianztechnologyupc,VERIFIED,F-ES,2026-08-22,For 2026-2027 this call is BACHELOR-ONLY (it funded masters in 2024/25 but the live call is grau). Plus the permanent-residence bar.,Closed on two grounds. Logged because the 2024/25 edition WAS a master's scholarship - if Allianz reverts to masters in 2027 the nationality bar would still block the client.
FES-021,spain,INECO - UPC scholarships for students at risk of social exclusion,Beques INECO - UPC,INECO with Universitat Politecnica de Catalunya,private_company,Universitat Politecnica de Catalunya,Barcelona,"all_masters and grado in the knowledge branches listed in the call, at the listed UPC centres",bachelor|master,partial,TBC,Economic aid not covered by any other body; amount inside the convocatoria.,one academic year,2,"NONE STATED in the general requirements - unusually, this call lists no nationality or residence clause",unclear,"The 'Requisits generals' list contains no nationality or residence condition - only enrolment, GPA >= 6, and non-receipt of Ministry/UPC grants",Enrolled as a regular student; for new-entry master students the access-degree GPA counts and must be >= 6/10; documented risk of social exclusion or vulnerability; INCOMPATIBLE with the Ministry beca and with any other UPC-managed grant; incoming mobility students excluded,yes,28 July 2025 to 30 September 2025 for course 2025/2026,30 September 2025,2025/2026 cycle - 2026/27 call also announced on the UPC index; 2027 TBC,https://seuelectronica.upc.edu/ca/Tramits/Beques_INECO_UPC,https://www.upc.edu/sga/ca/Beques/beques-per-a-estudis/beques-fundacions-i-empreses/bequesineco,https://www.upc.edu/sga/ca/Beques/beques-per-a-estudis/beques-fundacions-i-empreses/bequesineco|https://www.upc.edu/sga/ca/noticies/beques-ineco-upc-curs-2025-26,PARTIALLY_VERIFIED,F-ES,2026-08-22,Only 2 awards. The page I read is the 2025/26 call; the 2026/27 call exists on the UPC index but I did not open its text. Absence of a nationality clause is not the same as explicit inclusion.,ONE OF THE FEW UPC calls with no visible nationality bar - worth a direct query to UPC SGA. Note the client's 300-ECTS engineering diploma easily clears the GPA-6 access requirement.
FES-022,spain,Berklee General Scholarship (graduate),Berklee General Scholarship,Berklee College of Music - Valencia campus,university,"Berklee College of Music, Valencia campus",Valencia,all_masters (MA Global Entertainment and Music Business|MM Music Production Technology and Innovation|MM Scoring for Film TV and Video Games|MM Contemporary Performance),master,partial,TBC,Awarded in USD; amount varies by candidate. Berklee states it awards 1.5 million USD in merit- and need-based scholarships to prospective graduate students at the Valencia campus.,one-year master,multiple,None stated - open to all master's degree applicants,likely,"Eligibility is stated as ""All master's degree applicants""; no nationality restriction appears on the graduate scholarships page","Merit-based, assessed with the audition/interview; requires a separate Graduate Scholarship Application in the applicant portal",no (submitted alongside the admission application),Early action and regular action rounds,15 November (early action) / 1 February (regular action),"Cycle year not stated on the page; for a September 2027 entry the equivalent dates should be 15 Nov 2026 (early action) and 1 Feb 2027 (regular action) - TBC, confirm with Berklee before relying on it",Berklee applicant portal - Graduate Scholarship Application,https://valencia.berklee.edu/scholarships-financial-aid/scholarships-for-graduate-programs,https://valencia.berklee.edu/scholarships-financial-aid/scholarships-for-graduate-programs|https://valencia.berklee.edu/scholarships-financial-aid,VERIFIED,F-ES,2026-08-22,Portfolio/audition gated - the client's music portfolio is still in progress. Amounts in USD and unpublished.,MOST IMPORTANT single institution for this client's dual software/music career. Berklee Valencia awards stack up to a 90 percent tuition cap.
FES-023,spain,Berklee Groove Scholarship,Berklee Groove Scholarship,Berklee College of Music - Valencia campus,university,"Berklee College of Music, Valencia campus",Valencia,MM in Contemporary Performance (Production Concentration),master,partial,TBC,Up to 90 percent of tuition. Highest-value award in the Valencia graduate pool.,one-year master,TBC,None stated,likely,"Eligibility is defined by principal instrument, not nationality: ""applicants whose principal instruments are drums, bass, general rhythm section, traditional/folk/non-traditional""","Merit/musical talent; principal instrument must be drums, bass, general rhythm section, or traditional/folk/non-traditional",no,Early action and regular action rounds,15 November (early action) / 1 February (regular action),"Cycle year not stated on the page; for a September 2027 entry the equivalent dates should be 15 Nov 2026 (early action) and 1 Feb 2027 (regular action) - TBC, confirm with Berklee before relying on it",Berklee applicant portal - Graduate Scholarship Application,https://valencia.berklee.edu/scholarships-financial-aid/scholarships-for-graduate-programs,https://valencia.berklee.edu/scholarships-financial-aid/scholarships-for-graduate-programs|https://valencia.berklee.edu/scholarships-financial-aid,VERIFIED,F-ES,2026-08-22,Instrument-gated and programme-gated. An electronic music producer/DJ would need to make the case under 'general rhythm section' or 'non-traditional'.,Up to 90 percent of tuition is the biggest single lever available to this client at any Spanish institution outside AECID.
FES-024,spain,Berklee Valencia Diversity Scholarship,Berklee Valencia Diversity Scholarship,Berklee College of Music - Valencia campus,university,"Berklee College of Music, Valencia campus",Valencia,all_masters,master,partial,TBC,Up to 50 percent of tuition; combined awards capped at 90 percent of tuition.,one-year master,TBC,None stated,likely,"""Demonstrated leadership or support for historically underrepresented or culturally diverse communities, including first-generation college students"" plus ""Acceptance to one of the graduate programs""",Merit and financial need; requires a video (up to 3 minutes) or written statement (up to 500 words),yes (acceptance to a graduate programme is a stated condition),regular action round,1 February,"Cycle year not stated on the page; for a September 2027 entry the equivalent dates should be 15 Nov 2026 (early action) and 1 Feb 2027 (regular action) - TBC, confirm with Berklee before relying on it",Berklee applicant portal - Graduate Scholarship Application,https://valencia.berklee.edu/scholarships-financial-aid/scholarships-for-graduate-programs,https://valencia.berklee.edu/scholarships-financial-aid/scholarships-for-graduate-programs|https://valencia.berklee.edu/scholarships-financial-aid,VERIFIED,F-ES,2026-08-22,"Requires acceptance first, so it sits after the admission decision in the timeline.",A North African first-generation applicant is a natural fit for the stated criteria. Stackable with the General Scholarship up to the 90 percent cap.
FES-025,spain,Berklee Global Partners Scholarship,Berklee Global Partners Scholarship,Berklee College of Music - Valencia campus,university,"Berklee College of Music, Valencia campus",Valencia,all_masters,master,partial,TBC,18000 USD,one-year master,TBC,"None, but institutional affiliation required",unclear,"""Student, alumnus/a, or faculty from a Berklee Global Partner school"" - nationality-neutral but gated on affiliation with a partner school","Must be a student, alumnus or faculty member of a Berklee Global Partner institution",no,Early action and regular action rounds,15 November (early action) / 1 February (regular action),"Cycle year not stated on the page; for a September 2027 entry the equivalent dates should be 15 Nov 2026 (early action) and 1 Feb 2027 (regular action) - TBC, confirm with Berklee before relying on it",Berklee applicant portal,https://valencia.berklee.edu/scholarships-financial-aid/scholarships-for-graduate-programs,https://valencia.berklee.edu/scholarships-financial-aid/scholarships-for-graduate-programs|https://valencia.berklee.edu/scholarships-financial-aid,VERIFIED,F-ES,2026-08-22,Depends entirely on whether any Tunisian institution is a Berklee Global Partner - NOT CHECKED this session.,"ACTION: check the Berklee Global Partners list for Tunisia/North Africa. If a Tunisian school is on it, this is 18000 USD stackable."
FES-026,spain,Berklee Outstanding Women Scholarships with Mentorship,Berklee Outstanding Women Scholarships with Mentorship,Berklee College of Music - Valencia campus,university,"Berklee College of Music, Valencia campus",Valencia,MA Global Entertainment and Music Business|MM Scoring for Film TV and Video Games|MM Music Production Technology and Innovation|MM Contemporary Performance (Production Concentration),master,partial,TBC,Up to 70 percent of tuition plus mentorship; four programme-specific awards,one-year master,4 (one per programme),None stated,likely,"Criterion is stated as merit that ""supports the musicianship and leadership of women in the music industry"" - gender-scoped, not nationality-scoped",Gender-scoped award for women in the music industry,no,Early action and regular action rounds,15 November (early action) / 1 February (regular action),"Cycle year not stated on the page; for a September 2027 entry the equivalent dates should be 15 Nov 2026 (early action) and 1 Feb 2027 (regular action) - TBC, confirm with Berklee before relying on it",Berklee applicant portal,https://valencia.berklee.edu/scholarships-financial-aid/scholarships-for-graduate-programs,https://valencia.berklee.edu/scholarships-financial-aid/scholarships-for-graduate-programs|https://valencia.berklee.edu/scholarships-financial-aid,VERIFIED,F-ES,2026-08-22,Gender-restricted. Logged for completeness of the Berklee Valencia pool.,Nationality is not a barrier; gender may be. Include or exclude in Wave 4 depending on the client's profile.
FES-027,spain,Berklee CACSA - Palau de les Arts Scholarships,Berklee CACSA - Palau de les Arts Scholarships,Berklee College of Music - Valencia campus with CACSA / Palau de les Arts,university,"Berklee College of Music, Valencia campus",Valencia,all_masters,master,partial,TBC,Amount not published,one-year master,TBC,Restricted to Valencian students,no,"Eligibility is stated as ""Valencian students admitted to any master's program"" - a regional-residency restriction","Assessed on artistic, academic and professional accomplishments plus financial resources",yes,TBC,1 April,"Cycle year not stated on the page; for a September 2027 entry the equivalent dates should be 15 Nov 2026 (early action) and 1 Feb 2027 (regular action) - TBC, confirm with Berklee before relying on it",Berklee applicant portal,https://valencia.berklee.edu/scholarships-financial-aid/scholarships-for-graduate-programs,https://valencia.berklee.edu/scholarships-financial-aid/scholarships-for-graduate-programs|https://valencia.berklee.edu/scholarships-financial-aid,VERIFIED,F-ES,2026-08-22,Valencian residency required.,Closed to the client.
FES-028,spain,Berklee Donor Scholarships and Endowed Funds,Donor Scholarships and Endowed Funds,Berklee College of Music - Valencia campus,university,"Berklee College of Music, Valencia campus",Valencia,all_masters,master,partial,TBC,Varies by fund,one-year master,varies,None stated,likely,"Awarded automatically: ""Selected students during admissions process"" with no separate application and no nationality clause published","Merit-based, automatic consideration during admissions",no,automatic,none (automatic),"Cycle year not stated on the page; for a September 2027 entry the equivalent dates should be 15 Nov 2026 (early action) and 1 Feb 2027 (regular action) - TBC, confirm with Berklee before relying on it",automatic - no application,https://valencia.berklee.edu/scholarships-financial-aid/scholarships-for-graduate-programs,https://valencia.berklee.edu/scholarships-financial-aid/scholarships-for-graduate-programs|https://valencia.berklee.edu/scholarships-financial-aid,VERIFIED,F-ES,2026-08-22,No control over it; purely at Berklee's discretion.,Free option - costs nothing to be considered.
FES-029,spain,IE Awards (master's),IE Awards,IE University / IE Foundation,university,IE University,Madrid / Segovia,all_masters,master,partial,TBC,10 to 40 percent of tuition fees. Assessed on both merit and financial need.,programme duration,IE states 3500+ talent awards granted this year and 50 million EUR invested annually; 35 percent of students receive funding,"None stated for IE Awards; the IE financial-aid explorer does filter by nationality and country of residence, so some IE Foundation scholarships are country-scoped",likely,"""These awards are available to candidates across all master's programs and may cover between 10% and 40% of tuition fees."" - no nationality condition attached to IE Awards",Requires submission of the IE Financial Aid Application; merit plus financial need; separate IE Foundation Scholarships may require a scholarship-specific essay,no (Direct Awards are granted automatically on admission),rolling,the programme start date (stated deadline for IE Awards),"rolling policy, no cycle year - applies to a September 2027 start",IE Financial Aid Application,https://www.ie.edu/financial-aid/masters/awardsandscholarships/,https://www.ie.edu/financial-aid/masters/awardsandscholarships/|https://www.ie.edu/financial-aid/|https://www.ie.edu/financial-aid/scholarship-list/,VERIFIED,F-ES,2026-08-22,"IE is a high-fee private business school - 40 percent of a very large number is still a very large number. The scholarship-list explorer is JavaScript-driven and could not be enumerated, so any Africa/MENA-specific IE Foundation scholarship remains unchecked.","Also note DIRECT AWARDS: merit-based, granted automatically on admission with no separate application. GAP: the country-filtered IE Foundation scholarship list needs a manual pass."
FES-030,spain,ESADE Scholarship Programme and Financial Aid,Programa de becas y ayudas financieras ESADE,ESADE (Universitat Ramon Llull),university,ESADE,Barcelona,all_masters,master,partial,TBC,"ESADE reports allocating 5 million EUR to scholarships in 2022-2023 (30 percent private donations, 70 percent institutional funds). Per-award amounts are not published on the programme overview page.",TBC,TBC,TBC,unclear,"TBC - the overview page states only that ESADE is ""committed to supporting talent and diversity""; no eligibility text is published there","Three funding lines exist: Scholarship Programme, Financial Aid, and an Income-Share Agreement (ISA)",unclear,TBC,TBC,TBC,ESADE admissions,https://www.esade.edu/en/programmes/scholarship-program-and-financial-aid,https://www.esade.edu/en/programmes/scholarship-program-and-financial-aid,PARTIALLY_VERIFIED,F-ES,2026-08-22,COVERAGE GAP - only the overview page was reachable; per-scholarship pages not opened.,"The Income-Share Agreement is notable: it is a repayment-from-future-salary instrument, not a grant. Flag it as debt, not funding."
FES-031,spain,ESMUC AIE scholarships (master's),Beques AIE - Escola Superior de Musica de Catalunya,AIE (Artistas Interpretes o Ejecutantes) with ESMUC,foundation,Escola Superior de Musica de Catalunya (ESMUC),Barcelona,"Master en Estudis Avancats d'Interpretacio (MEAI), classical and contemporary instruments",master,partial,2000,3 scholarships of 2000 EUR each,one academic year,3,TBC,unclear,TBC - the ESMUC master's grants page lists the award but publishes no nationality clause for the AIE scholarships,"Restricted to the MEAI performance master, classical and contemporary instruments",yes,TBC,TBC,TBC,ESMUC,https://www.esmuc.cat/estudis/masters-i-postgraus/beques-i-ajuts/,https://www.esmuc.cat/estudis/masters-i-postgraus/beques-i-ajuts/,PARTIALLY_VERIFIED,F-ES,2026-08-22,Programme-gated to a classical/contemporary performance master - a poor fit for an electronic music producer with an engineering background.,"ESMUC also runs DIBA scholarships (local-government employees), NOVA (disability, via Fundacion Prevent), Frederic Mompou Foundation and Carasso Foundation awards - all narrowly scoped."
FES-032,spain,ESMUC social support grants,Ajuts Socials ESMUC,Escola Superior de Musica de Catalunya (ESMUC),university,Escola Superior de Musica de Catalunya (ESMUC),Barcelona,all_masters and grado,bachelor|master,partial,TBC,Means-tested economic assistance for vulnerable students; amount not published,one academic year,TBC,"Spanish or EU nationality; non-EU students fall under Spanish Law 4/2000 (foreigners), i.e. permanent residence required",no,"Applicants must have ""Spanish nationality or from any EU member state""; for ""non-community students"" Spanish Law 4/2000 on foreigners' rights applies",Confirmed enrolment; family income bracket 0-1; tuition already paid; 75 percent+ attendance; no other coinciding aid,yes,closed 16 November 2025 for course 2025-2026,16 November 2025,2025-2026 cycle - 2027 TBC,ESMUC,https://www.esmuc.cat/estudis/masters-i-postgraus/beques-i-ajuts/,https://www.esmuc.cat/estudis/masters-i-postgraus/beques-i-ajuts/,VERIFIED,F-ES,2026-08-22,Same permanent-residence bar as every Spanish public-money scheme.,Closed to the client in year one.
FES-033,spain,UPV Social Action Grants for UPV Students,Ayudas Accion Social 'Estudiantes UPV',Universitat Politecnica de Valencia,university,Universitat Politecnica de Valencia,Valencia,all_masters and grado,bachelor|master,partial,900,"Exemption from academic-service fees (the value of enrolled credits) up to a maximum of 900 EUR, covering both first and second enrolment",one academic year,TBC,None published on the UPV grants overview page,unclear,"""Dirigida a estudiantes que acrediten una situacion personal o familiar de especial necesidad economica y no disfruten de otras becas o ayudas al estudio."" - need-based, no nationality clause published",Demonstrated personal or family economic hardship; must not hold any other study grant; applied via the student intranet (so enrolment required),yes,TBC,TBC,TBC - dates published in each individual convocatoria,UPV student intranet,http://www.upv.es/perfiles/estudiante/introduccion-becas-es.html,http://www.upv.es/perfiles/estudiante/introduccion-becas-es.html,PARTIALLY_VERIFIED,F-ES,2026-08-22,"Only 900 EUR maximum, and it requires enrolment first. Nationality rules unstated - do not assume openness.","UPV also runs a companion 'Accion Social por causa sobrevenida' emergency grant and comedor (meal voucher) grants, plus Becas formativas de colaboracion (paid work-study placements) - the last of these is the most promising for a non-EU student since it is paid work, not public aid."
FES-034,spain,Universidad de Malaga master's aid / cohesion grant,Ayuda Master UMA / Beca Cohesion Master,Universidad de Malaga,university,Universidad de Malaga,Malaga,all_masters (masteres oficiales UMA),master,partial,TBC,Amount set in the annual 'Resolucion asignacion importe Beca Cohesion Master'; not published on the page opened,one academic year,TBC,Not published on the page opened,unclear,"""aquellos alumnos que se encuentren matriculados en la Universidad de Malaga en un master oficial"" - the only stated condition is enrolment on a UMA official master",Must be enrolled on a UMA official master; applied through the portal del estudiante,yes,23 October 2025 09:00 to 18 December 2025 14:00 for course 2025/2026,18 December 2025,2025/2026 cycle - 2026/27 and 2027/28 TBC (historically opens late October),UMA portal del estudiante,https://www.uma.es/becas/info/57525/ayuda-master/,https://www.uma.es/becas/info/57525/ayuda-master/|https://www.uma.es/becas/,PARTIALLY_VERIFIED,F-ES,2026-08-22,Amount and nationality rules both unpublished on the page reachable. The convocatoria PDF must be read.,Notable as one of very few Spanish public-university master grants whose published condition is simply 'enrolled on a UMA official master'. Worth a direct query.
FES-035,spain,Universitat Pompeu Fabra master's scholarships - NOT VERIFIED,Universitat Pompeu Fabra master's scholarships - NOT VERIFIED,Universitat Pompeu Fabra,university,Universitat Pompeu Fabra,Barcelona,all_masters,master,TBC,TBC,TBC,TBC,TBC,TBC,unclear,TBC - see red_flags for why this could not be verified this session,TBC,unclear,TBC,TBC,TBC,TBC,https://www.upf.edu/en/web/masters/beques-i-ajuts,https://www.upf.edu/en/web/masters/beques-i-ajuts|https://www.upf.edu/en/web/responsabilitat-social/beques-i-ajuts-per-a-estudiants-upf,DEAD_LINK,F-ES,2026-08-22,upf.edu is behind Cloudflare and returned HTTP 403 to WebFetch and to curl with a browser user-agent on every path tried this session.,"EXPLICIT GAP. UPF is a top client target (Barcelona) and its funding page is unread. Re-attempt from a different network or ask UPF directly. Known from the UPF electronic office index: UPF runs a 'Programa UPF de beques salari' but that is explicitly for GRADO (undergraduate) students, not masters."
FES-036,spain,UPF Barcelona School of Management scholarships - NOT VERIFIED,UPF Barcelona School of Management scholarships - NOT VERIFIED,UPF Barcelona School of Management,university,UPF Barcelona School of Management,Barcelona,all_masters,master,TBC,TBC,TBC,TBC,TBC,TBC,unclear,TBC - see red_flags for why this could not be verified this session,TBC,unclear,TBC,TBC,TBC,TBC,https://www.bsm.upf.edu/en,https://www.bsm.upf.edu/en,UNVERIFIED,F-ES,2026-08-22,Could not locate the scholarships page on the provider domain; WebSearch budget for the session was exhausted.,EXPLICIT GAP. Every guessed scholarship path on bsm.upf.edu returned 404 and the site's sitemap.xml yielded no scholarship URLs. UPF-BSM is a titulo propio/oficial mix - the accreditation status of each programme must also be checked (matters for the Tunisian student visa).
FES-037,spain,Universitat Autonoma de Barcelona master's scholarships - NOT VERIFIED,Universitat Autonoma de Barcelona master's scholarships - NOT VERIFIED,Universitat Autonoma de Barcelona,university,Universitat Autonoma de Barcelona,Barcelona (Bellaterra),all_masters,master,TBC,TBC,TBC,TBC,TBC,TBC,unclear,TBC - see red_flags for why this could not be verified this session,TBC,unclear,TBC,TBC,TBC,TBC,https://www.uab.cat/beques-ajuts/,https://www.uab.cat/beques-ajuts/,UNVERIFIED,F-ES,2026-08-22,Hub page carries no scheme-level facts.,"The UAB grants hub was reachable but lists only category headings (Ajuts de recerca, Beques d'estudi, Beques del Servei de Llengues, Mobilitat, Solidaritat/cooperacio/discapacitat, Microcredentials) with no master-level amounts, eligibility or deadlines. Fundacio Autonoma Solidaria is the likely home of need-based aid."
FES-038,spain,Universidad Carlos III de Madrid master's scholarships - NOT VERIFIED,Universidad Carlos III de Madrid master's scholarships - NOT VERIFIED,Universidad Carlos III de Madrid,university,Universidad Carlos III de Madrid,Madrid (Getafe / Leganes),all_masters,master,TBC,TBC,TBC,TBC,TBC,TBC,unclear,TBC - see red_flags for why this could not be verified this session,TBC,unclear,TBC,TBC,TBC,TBC,https://www.uc3m.es/master,https://www.uc3m.es/master,DEAD_LINK,F-ES,2026-08-22,https://www.uc3m.es/master/scholarships-grants returned HTTP 410 Gone; https://www.uc3m.es/master-universitario/becas-ayudas returned 404.,"EXPLICIT GAP. UC3M is a strong engineering target. Its scholarship URLs returned HTTP 410 Gone and 404, and the master's landing page exposes no scholarship links to a crawler."
FES-039,spain,Universidad Politecnica de Madrid scholarships - categories only,Universidad Politecnica de Madrid scholarships - categories only,Universidad Politecnica de Madrid,university,Universidad Politecnica de Madrid,Madrid,all_masters,master,TBC,TBC,TBC,TBC,TBC,TBC,unclear,TBC - see red_flags for why this could not be verified this session,TBC,unclear,TBC,TBC,TBC,TBC,https://www.upm.es/Estudiantes/BecasAyudasPremios/Becas,https://www.upm.es/Estudiantes/BecasAyudasPremios/Becas|https://www.upm.es/Estudiantes/BecasAyudasPremios,PARTIALLY_VERIFIED,F-ES,2026-08-22,"Index page lists scheme names only; no amounts, nationality rules or deadlines.","UPM's own scholarship families were confirmed to exist: Becas Socioeconomicas UPM, Becas Colaboracion de la UPM, Becas Santander, Becas para movilidad, Becas para Trabajos Fin de Titulacion, plus channelled Ministry and Comunidad de Madrid aid. None carries published amounts, eligibility or deadlines on the index page. Becas Colaboracion are paid departmental placements and are the most plausible non-EU-accessible line."
FES-040,spain,Universidad Complutense de Madrid master's scholarships - NOT VERIFIED,Universidad Complutense de Madrid master's scholarships - NOT VERIFIED,Universidad Complutense de Madrid,university,Universidad Complutense de Madrid,Madrid,all_masters,master,TBC,TBC,TBC,TBC,TBC,TBC,unclear,TBC - see red_flags for why this could not be verified this session,TBC,unclear,TBC,TBC,TBC,TBC,https://www.ucm.es/becas-y-ayudas,https://www.ucm.es/becas-y-ayudas|https://www.ucm.es/informacion/precios-masteres,UNVERIFIED,F-ES,2026-08-22,Scholarship index reachable but not parsed for scheme-level facts before the session budget ran out.,EXPLICIT GAP on scholarships. UCM's TUITION data was verified this session and is recorded in FES-045.
FES-041,spain,Universitat de Barcelona master's scholarships - NOT VERIFIED,Universitat de Barcelona master's scholarships - NOT VERIFIED,Universitat de Barcelona,university,Universitat de Barcelona,Barcelona,all_masters,master,TBC,TBC,TBC,TBC,TBC,TBC,unclear,TBC - see red_flags for why this could not be verified this session,TBC,unclear,TBC,TBC,TBC,TBC,https://www.ub.edu/portal/web/home,https://www.ub.edu/acad/matricula/preus.html,UNVERIFIED,F-ES,2026-08-22,Guessed scholarship paths 404'd; WebSearch budget exhausted before the correct path could be found.,EXPLICIT GAP on scholarships. UB's TUITION data was verified this session in detail and is recorded in FES-044 - including the fact that UB's Consell Social sets differentiated (higher) master credit prices for non-EU students.
FES-042,spain,Universitat de Valencia / Universidad de Sevilla / Universidad de Granada / Universidad de Navarra / La Salle Ramon Llull / Mondragon Unibertsitatea - NOT VERIFIED,Universitat de Valencia / Universidad de Sevilla / Universidad de Granada / Universidad de Navarra / La Salle Ramon Llull / Mondragon Unibertsitatea - NOT VERIFIED,multiple,university,multiple,Valencia / Seville / Granada / Pamplona / Barcelona / Mondragon,all_masters,master,TBC,TBC,TBC,TBC,TBC,TBC,unclear,TBC - see red_flags for why this could not be verified this session,TBC,unclear,TBC,TBC,TBC,TBC,https://www.unav.edu/admision-y-ayudas/master/becas,https://www.us.es/estudiar/becas-ayudas|https://internacional.ugr.es/pages/movilidad/estudiantes/entrantes/becas|https://www.unav.edu/admision-y-ayudas/master/becas|https://www.mondragon.edu/es/informacion/precios-becas-ayudas,UNVERIFIED,F-ES,2026-08-22,Six institutions bundled into one gap row rather than fabricating six sets of TBCs. Each needs a dedicated pass.,"CONSOLIDATED GAP ROW. Confirmed to exist but unread: UNAV runs a master's scholarship page plus a cost/scholarship calculator (unav.edu/admision-y-ayudas/master/calculadora) and a discounts-and-financing page; Mondragon publishes a master price page and a scholarships page plus 'Bekabide'; US publishes seven grant families (ayudas al estudio, becas asistenciales, culturales y deportivas, de formacion, de movilidad); UGR's incoming-student page lists only mobility programmes and no named scholarship. La Salle Ramon Llull's scholarship page could not be located at all."
FES-043,spain,[COST REFERENCE] Catalonia non-EU master tuition (Universitat de Barcelona 2026-2027),[COST REFERENCE] Catalonia non-EU master tuition (Universitat de Barcelona 2026-2027),Universitat de Barcelona,government_regional,Universitat de Barcelona,Barcelona,all_masters,master,none_found,4920,"EU/resident price: 19.37 EUR per credit for 'resta de masters de la UB', 17.69 EUR for habilitant masters. NON-EU price: 82 EUR per credit for 'resta de masters', 71 EUR for habilitant masters, and 95-110 EUR for five business masters with a differentiated price approved by the UB Consell Social. A 60-ECTS master therefore costs a non-EU student about 4920 EUR versus about 1162 EUR for an EU student - roughly 4.2x. Study-abroad/individual mobility students pay 120 EUR per credit. Framework: DECRET 96/2026, de 16 de juny (Generalitat de Catalunya).",per academic year,n/a,Non-EU non-resident students pay a differentiated (higher) price,no,"""b) Estudiants estrangers que no siguin nacionals d'estats membres de la Unio Europea ... o que tinguin un permis d'estada a Espanya per estudis.""",n/a,n/a,n/a,n/a,2026-2027 prices - 2027-2028 TBC,n/a,https://www.ub.edu/acad/matricula/preus.html,https://www.ub.edu/acad/matricula/preus.html|https://www.upc.edu/sga/ca/matricula/preus/decret-de-preus-publics,VERIFIED,F-ES,2026-08-22,CRITICAL TRAP: the surcharge is triggered not only by nationality but by holding a Spanish STUDY STAY permit. A full residence permit (tipus: Residencia) exempts you; the student visa does not. Every incoming Tunisian student pays the high rate.,COST REFERENCE ROW - not a scholarship. Logged per the brief so the orchestrator has the real non-EU cost floor.
FES-044,spain,[COST REFERENCE] Madrid non-EU master tuition (Universidad Complutense 2026-2027),[COST REFERENCE] Madrid non-EU master tuition (Universidad Complutense 2026-2027),Universidad Complutense de Madrid,government_regional,Universidad Complutense de Madrid,Madrid,all_masters,master,none_found,5044,"General official master: 45.02 EUR per credit at first enrolment for standard students; 84.07 EUR per credit for non-EU non-resident students (they are billed the third-enrolment rate). A 60-ECTS master therefore costs about 5044 EUR for a non-EU student versus about 2701 EUR standard - roughly 1.9x. Professionally regulated masters are worse (e.g. Abogacia/Procuraduria 16.92 EUR first enrolment vs 126.00 EUR for extranjeros no comunitarios no residentes). Framework: Decreto 43/2022, de 29 de junio, Comunidad de Madrid.",per academic year,n/a,Non-EU non-resident students pay a differentiated (higher) price,no,"""las universidades publicas de dicha Comunidad cobraran los precios de cuarta matricula en masteres habilitantes y de tercera matricula en el resto de masteres a los estudiantes extranjeros mayores de 18 anos que no tengan la condicion de residentes, excluidos los nacionales de Estados miembros de la Union Europea""",n/a,n/a,n/a,n/a,2026-2027 prices - 2027-2028 TBC,n/a,https://www.ucm.es/informacion/precios-masteres,https://www.ucm.es/informacion/precios-masteres|https://www.comunidad.madrid/educacion/precios-publicos-universitarios,VERIFIED,F-ES,2026-08-22,"Applies across Madrid public universities (UCM, UAM, UC3M, UPM, URJC) because it is set by regional decree, not by each university.",COST REFERENCE ROW - not a scholarship. Logged per the brief so the orchestrator has the real non-EU cost floor.
FES-045,spain,[COST REFERENCE] Valencia region non-EU master tuition - NOT VERIFIED,[COST REFERENCE] Valencia region non-EU master tuition - NOT VERIFIED,Generalitat Valenciana / Universitat Politecnica de Valencia,government_regional,Generalitat Valenciana / Universitat Politecnica de Valencia,Valencia,all_masters,master,none_found,TBC,TBC. The Comunitat Valenciana per-credit master price and any non-EU differential could NOT be confirmed this session: UPV's and UV's fee pages 404'd on every path tried and the WebSearch budget was exhausted. Do NOT assume the Catalan or Madrid figures transfer.,per academic year,n/a,Non-EU non-resident students pay a differentiated (higher) price,no,TBC - no non-EU price differential text was located on a Valencian provider domain,n/a,n/a,n/a,n/a,2026-2027 prices - 2027-2028 TBC,n/a,http://www.upv.es/perfiles/estudiante/introduccion-becas-es.html,http://www.upv.es/perfiles/estudiante/introduccion-becas-es.html,UNVERIFIED,F-ES,2026-08-22,"EXPLICIT GAP. Valencia matters because Berklee Valencia is a top client target - though Berklee is private and priced in USD, so the public precio publico does not apply to it anyway.",COST REFERENCE ROW - not a scholarship. Logged per the brief so the orchestrator has the real non-EU cost floor.
FES-046,spain,Erasmus+ International Credit Mobility into Spain - NOT VERIFIED,Erasmus+ Movilidad Internacional de Creditos (KA171),European Commission / SEPIE via individual Spanish universities,eu,any (Spanish university holding a KA171 project with Tunisia),any (Spain),"exchange semesters within a master, NOT a full master degree",master (exchange only),partial,TBC,TBC,typically 3-12 month exchange,TBC,"Tunisia is an Erasmus+ Partner Country in Region 3 (South-Mediterranean), so ICM/KA171 flows with Tunisia are structurally possible",unclear,TBC - not verified on an official Erasmus+/SEPIE domain this session,"Requires an inter-institutional agreement between the client's Tunisian home university (SMU) and the Spanish host, and the client must be enrolled at the Tunisian home institution",no (nominated by the home university),TBC,TBC,TBC,the Tunisian home university's international office,TBC,TBC,UNVERIFIED,F-ES,2026-08-22,"EXPLICIT GAP - no official Erasmus+ page was opened this session (WebSearch budget exhausted). Also structurally: ICM funds an EXCHANGE, not a full master degree, so it cannot on its own deliver a September 2027 Spanish master.","Logged so the orchestrator does not mistake ICM for a degree-funding route. Erasmus Mundus Joint Masters (a genuine full-degree, full-scholarship route open to Tunisians) is a separate agent's scope - make sure it is covered."
